candidate_id,ztf_designation,ra,dec,astrophysical_class,classification_status,class_authority,class_reference,discovery_source,candidate_role,provenance_status,ztf_association_status,notes,rejection_reason
CAND_SNIa_001,ZTF21acipofv,134.6985,1.842917,SN Ia,spectroscopic,IAU TNS / ZTF Bright Transient Survey (BTS),https://www.wis-tns.org/object/2017baq,ZTF Bright Transient Survey (BTS),in_distribution,VERIFIED,ZTF_COORDINATE_GROUNDED,"Spectroscopic z=0.05814, peak mag=18.6062",
CAND_SNIa_002,ZTF20aakyqlh,187.281583,36.456694,SN Ia,spectroscopic,IAU TNS / ZTF Bright Transient Survey (BTS),https://www.wis-tns.org/object/2017bde,ZTF Bright Transient Survey (BTS),in_distribution,VERIFIED,ZTF_COORDINATE_GROUNDED,"Spectroscopic z=0.07138, peak mag=18.2972",
CAND_SNIa_003,ZTF19acdgwhq,44.03525,15.213056,SN Ia,spectroscopic,IAU TNS / ZTF Bright Transient Survey (BTS),https://www.wis-tns.org/object/2017gcd,ZTF Bright Transient Survey (BTS),in_distribution,VERIFIED,ZTF_COORDINATE_GROUNDED,"Spectroscopic z=0.02859, peak mag=17.7568",
CAND_SNIa_004,ZTF18aajpjdi,199.527583,27.873389,SN Ia,spectroscopic,IAU TNS / ZTF Bright Transient Survey (BTS),https://www.wis-tns.org/object/2018bfx,ZTF Bright Transient Survey (BTS),in_distribution,VERIFIED,ZTF_COORDINATE_GROUNDED,"Spectroscopic z=0.0746, peak mag=18.4652",
CAND_SNIa_005,ZTF18aaqedfj,206.355042,26.424222,SN Ia,spectroscopic,IAU TNS / ZTF Bright Transient Survey (BTS),https://www.wis-tns.org/object/2018bff,ZTF Bright Transient Survey (BTS),in_distribution,VERIFIED,ZTF_COORDINATE_GROUNDED,"Spectroscopic z=0.0623, peak mag=18.1144",
CAND_SNIa_006,ZTF18aaqkqxi,167.969042,39.605056,SN Ia,spectroscopic,IAU TNS / ZTF Bright Transient Survey (BTS),https://www.wis-tns.org/object/2018bvx,ZTF Bright Transient Survey (BTS),in_distribution,VERIFIED,ZTF_COORDINATE_GROUNDED,"Spectroscopic z=0.0761, peak mag=18.361",
CAND_SNIa_007,ZTF18aarbgdn,155.671208,15.939083,SN Ia,spectroscopic,IAU TNS / ZTF Bright Transient Survey (BTS),https://www.wis-tns.org/object/2018bfh,ZTF Bright Transient Survey (BTS),in_distribution,VERIFIED,ZTF_COORDINATE_GROUNDED,"Spectroscopic z=0.044, peak mag=17.2666",
CAND_SNIa_008,ZTF18aarcypa,167.459333,28.971361,SN Ia,spectroscopic,IAU TNS / ZTF Bright Transient Survey (BTS),https://www.wis-tns.org/object/2018bil,ZTF Bright Transient Survey (BTS),in_distribution,VERIFIED,ZTF_COORDINATE_GROUNDED,"Spectroscopic z=0.032, peak mag=18.0875",
CAND_SNIa_009,ZTF18aaqskoy,255.90775,36.429194,SN Ia,spectroscopic,IAU TNS / ZTF Bright Transient Survey (BTS),https://www.wis-tns.org/object/2018bhv,ZTF Bright Transient Survey (BTS),in_distribution,VERIFIED,ZTF_COORDINATE_GROUNDED,"Spectroscopic z=0.085, peak mag=18.2535",
CAND_SNIa_010,ZTF18aarmnnd,210.21875,47.232556,SN Ia,spectroscopic,IAU TNS / ZTF Bright Transient Survey (BTS),https://www.wis-tns.org/object/2023juc,ZTF Bright Transient Survey (BTS),in_distribution,VERIFIED,ZTF_COORDINATE_GROUNDED,"Spectroscopic z=0.051, peak mag=18.1086",
CAND_SNIa_011,ZTF18aaqqhis,155.759958,45.7025,SN Ia,spectroscopic,IAU TNS / ZTF Bright Transient Survey (BTS),https://www.wis-tns.org/object/2018ccy,ZTF Bright Transient Survey (BTS),in_distribution,VERIFIED,ZTF_COORDINATE_GROUNDED,"Spectroscopic z=0.06, peak mag=17.8147",
CAND_SNIa_012,ZTF18aasdted,261.413125,59.44675,SN Ia,spectroscopic,IAU TNS / ZTF Bright Transient Survey (BTS),https://www.wis-tns.org/object/2018big,ZTF Bright Transient Survey (BTS),in_distribution,VERIFIED,ZTF_COORDINATE_GROUNDED,"Spectroscopic z=0.01815, peak mag=15.7176",
CAND_SNIa_013,ZTF18aauizcr,173.616125,46.362611,SN Ia,spectroscopic,IAU TNS / ZTF Bright Transient Survey (BTS),https://www.wis-tns.org/object/2018btb,ZTF Bright Transient Survey (BTS),in_distribution,VERIFIED,ZTF_COORDINATE_GROUNDED,"Spectroscopic z=0.03384, peak mag=16.8455",
CAND_SNIa_014,ZTF18aaunfqq,238.579958,39.453944,SN Ia,spectroscopic,IAU TNS / ZTF Bright Transient Survey (BTS),https://www.wis-tns.org/object/2018lpb,ZTF Bright Transient Survey (BTS),in_distribution,VERIFIED,ZTF_COORDINATE_GROUNDED,"Spectroscopic z=0.07109, peak mag=18.3554",
CAND_SNIa_015,ZTF18aaqcqvr,193.85275,45.578389,SN Ia,spectroscopic,IAU TNS / ZTF Bright Transient Survey (BTS),https://www.wis-tns.org/object/2018bvg,ZTF Bright Transient Survey (BTS),in_distribution,VERIFIED,ZTF_COORDINATE_GROUNDED,"Spectroscopic z=0.07, peak mag=18.2745",
CAND_SNIa_016,ZTF18aavrzxp,215.449333,48.166583,SN Ia,spectroscopic,IAU TNS / ZTF Bright Transient Survey (BTS),https://www.wis-tns.org/object/2018cdu,ZTF Bright Transient Survey (BTS),in_distribution,VERIFIED,ZTF_COORDINATE_GROUNDED,"Spectroscopic z=0.07, peak mag=18.289",
CAND_SNIa_017,ZTF18aavrwhu,206.735208,43.137278,SN Ia,spectroscopic,IAU TNS / ZTF Bright Transient Survey (BTS),https://www.wis-tns.org/object/2018bxo,ZTF Bright Transient Survey (BTS),in_distribution,VERIFIED,ZTF_COORDINATE_GROUNDED,"Spectroscopic z=0.062, peak mag=17.747",
CAND_SNIa_018,ZTF18aawjywv,268.750208,42.898333,SN Ia,spectroscopic,IAU TNS / ZTF Bright Transient Survey (BTS),https://www.wis-tns.org/object/2018ccj,ZTF Bright Transient Survey (BTS),in_distribution,VERIFIED,ZTF_COORDINATE_GROUNDED,"Spectroscopic z=0.04, peak mag=17.7016",
CAND_SNIa_019,ZTF18aaxcntm,247.046375,39.820111,SN Ia,spectroscopic,IAU TNS / ZTF Bright Transient Survey (BTS),https://www.wis-tns.org/object/2018ccl,ZTF Bright Transient Survey (BTS),in_distribution,VERIFIED,ZTF_COORDINATE_GROUNDED,"Spectroscopic z=0.02679, peak mag=16.8016",
CAND_SNIa_020,ZTF18aaxdrjn,185.006833,56.158861,SN Ia,spectroscopic,IAU TNS / ZTF Bright Transient Survey (BTS),https://www.wis-tns.org/object/2018cdt,ZTF Bright Transient Survey (BTS),in_distribution,VERIFIED,ZTF_COORDINATE_GROUNDED,"Spectroscopic z=0.0339, peak mag=16.9287",
CAND_SNIa_021,ZTF18aaxqyki,232.576125,57.658472,SN Ia,spectroscopic,IAU TNS / ZTF Bright Transient Survey (BTS),https://www.wis-tns.org/object/2018cnz,ZTF Bright Transient Survey (BTS),in_distribution,VERIFIED,ZTF_COORDINATE_GROUNDED,"Spectroscopic z=0.1, peak mag=18.7798",
CAND_SNIa_022,ZTF18aaxcfbt,164.612875,51.695806,SN Ia,spectroscopic,IAU TNS / ZTF Bright Transient Survey (BTS),https://www.wis-tns.org/object/2018ced,ZTF Bright Transient Survey (BTS),in_distribution,VERIFIED,ZTF_COORDINATE_GROUNDED,"Spectroscopic z=0.0689, peak mag=18.1086",
CAND_SNIa_023,ZTF18aaxsioa,252.412917,45.492278,SN Ia,spectroscopic,IAU TNS / ZTF Bright Transient Survey (BTS),https://www.wis-tns.org/object/2018cfa,ZTF Bright Transient Survey (BTS),in_distribution,VERIFIED,ZTF_COORDINATE_GROUNDED,"Spectroscopic z=0.03, peak mag=16.8488",
CAND_SNIa_024,ZTF18aayiahw,209.808333,28.54075,SN Ia,spectroscopic,IAU TNS / ZTF Bright Transient Survey (BTS),https://www.wis-tns.org/object/2018cts,ZTF Bright Transient Survey (BTS),in_distribution,VERIFIED,ZTF_COORDINATE_GROUNDED,"Spectroscopic z=0.06368, peak mag=18.8326",
CAND_SNIa_025,ZTF18aayjvve,226.069167,35.815028,SN Ia,spectroscopic,IAU TNS / ZTF Bright Transient Survey (BTS),https://www.wis-tns.org/object/2018cny,ZTF Bright Transient Survey (BTS),in_distribution,VERIFIED,ZTF_COORDINATE_GROUNDED,"Spectroscopic z=0.04727, peak mag=17.5905",
CAND_SNIa_026,ZTF18aayjyub,200.116542,62.300806,SN Ia,spectroscopic,IAU TNS / ZTF Bright Transient Survey (BTS),https://www.wis-tns.org/object/2018cod,ZTF Bright Transient Survey (BTS),in_distribution,VERIFIED,ZTF_COORDINATE_GROUNDED,"Spectroscopic z=0.03, peak mag=17.1163",
CAND_SNIa_027,ZTF18aaxvpsw,224.976625,39.078778,SN Ia,spectroscopic,IAU TNS / ZTF Bright Transient Survey (BTS),https://www.wis-tns.org/object/2018cof,ZTF Bright Transient Survey (BTS),in_distribution,VERIFIED,ZTF_COORDINATE_GROUNDED,"Spectroscopic z=0.0916, peak mag=18.6502",
CAND_SNIa_028,ZTF18aamzgzi,223.568417,42.557944,SN Ia,spectroscopic,IAU TNS / ZTF Bright Transient Survey (BTS),https://www.wis-tns.org/object/2018mef,ZTF Bright Transient Survey (BTS),in_distribution,VERIFIED,ZTF_COORDINATE_GROUNDED,"Spectroscopic z=0.0179, peak mag=15.2602",
CAND_SNIa_029,ZTF18aaxwjmp,252.905667,61.545361,SN Ia,spectroscopic,IAU TNS / ZTF Bright Transient Survey (BTS),https://www.wis-tns.org/object/2018coe,ZTF Bright Transient Survey (BTS),in_distribution,VERIFIED,ZTF_COORDINATE_GROUNDED,"Spectroscopic z=0.08, peak mag=18.6893",
CAND_SNIa_030,ZTF18aaydmkh,260.161083,52.041944,SN Ia,spectroscopic,IAU TNS / ZTF Bright Transient Survey (BTS),https://www.wis-tns.org/object/2018coh,ZTF Bright Transient Survey (BTS),in_distribution,VERIFIED,ZTF_COORDINATE_GROUNDED,"Spectroscopic z=0.0845, peak mag=18.7378",
CAND_SNIa_031,ZTF18aazabmh,254.905125,59.073278,SN Ia,spectroscopic,IAU TNS / ZTF Bright Transient Survey (BTS),https://www.wis-tns.org/object/2018crr,ZTF Bright Transient Survey (BTS),in_distribution,VERIFIED,ZTF_COORDINATE_GROUNDED,"Spectroscopic z=0.073, peak mag=18.7863",
CAND_SNIa_032,ZTF19aanbojt,152.706958,54.214833,SN Ia,spectroscopic,IAU TNS / ZTF Bright Transient Survey (BTS),https://www.wis-tns.org/object/2018lqj,ZTF Bright Transient Survey (BTS),in_distribution,VERIFIED,ZTF_COORDINATE_GROUNDED,"Spectroscopic z=0.048, peak mag=17.453",
CAND_SNIa_033,ZTF18aayidfz,198.66775,24.00575,SN Ia,spectroscopic,IAU TNS / ZTF Bright Transient Survey (BTS),https://www.wis-tns.org/object/2018cvd,ZTF Bright Transient Survey (BTS),in_distribution,VERIFIED,ZTF_COORDINATE_GROUNDED,"Spectroscopic z=0.067, peak mag=18.4743",
CAND_SNIa_034,ZTF18aazblzy,242.839458,36.994278,SN Ia,spectroscopic,IAU TNS / ZTF Bright Transient Survey (BTS),https://www.wis-tns.org/object/2018cri,ZTF Bright Transient Survey (BTS),in_distribution,VERIFIED,ZTF_COORDINATE_GROUNDED,"Spectroscopic z=0.064, peak mag=18.2576",
CAND_SNIa_035,ZTF18aazixbw,244.741542,56.716861,SN Ia,spectroscopic,IAU TNS / ZTF Bright Transient Survey (BTS),https://www.wis-tns.org/object/2018coi,ZTF Bright Transient Survey (BTS),in_distribution,VERIFIED,ZTF_COORDINATE_GROUNDED,"Spectroscopic z=0.0594, peak mag=18.2918",
CAND_SNIa_036,ZTF18aazjztm,260.101625,55.214639,SN Ia,spectroscopic,IAU TNS / ZTF Bright Transient Survey (BTS),https://www.wis-tns.org/object/2018crs,ZTF Bright Transient Survey (BTS),in_distribution,VERIFIED,ZTF_COORDINATE_GROUNDED,"Spectroscopic z=0.072, peak mag=18.6315",
CAND_SNIa_037,ZTF18aazsabq,283.840958,56.588389,SN Ia,spectroscopic,IAU TNS / ZTF Bright Transient Survey (BTS),https://www.wis-tns.org/object/2018crn,ZTF Bright Transient Survey (BTS),in_distribution,VERIFIED,ZTF_COORDINATE_GROUNDED,"Spectroscopic z=0.05, peak mag=18.2337",
CAND_SNIa_038,ZTF18aaxmhvk,244.677958,40.072583,SN Ia,spectroscopic,IAU TNS / ZTF Bright Transient Survey (BTS),https://www.wis-tns.org/object/2018cne,ZTF Bright Transient Survey (BTS),in_distribution,VERIFIED,ZTF_COORDINATE_GROUNDED,"Spectroscopic z=0.08, peak mag=18.561",
CAND_SNIa_039,ZTF18aaxkjmm,236.371333,35.855194,SN Ia,spectroscopic,IAU TNS / ZTF Bright Transient Survey (BTS),https://www.wis-tns.org/object/2018cng,ZTF Bright Transient Survey (BTS),in_distribution,VERIFIED,ZTF_COORDINATE_GROUNDED,"Spectroscopic z=0.0661, peak mag=18.2341",
CAND_SNIa_040,ZTF18abaxlpi,276.559042,45.010194,SN Ia,spectroscopic,IAU TNS / ZTF Bright Transient Survey (BTS),https://www.wis-tns.org/object/2018ctm,ZTF Bright Transient Survey (BTS),in_distribution,VERIFIED,ZTF_COORDINATE_GROUNDED,"Spectroscopic z=0.0646, peak mag=18.3094",
CAND_SNIa_041,ZTF18abbqjds,221.352333,78.284694,SN Ia,spectroscopic,IAU TNS / ZTF Bright Transient Survey (BTS),https://www.wis-tns.org/object/2018cvr,ZTF Bright Transient Survey (BTS),in_distribution,VERIFIED,ZTF_COORDINATE_GROUNDED,"Spectroscopic z=0.1, peak mag=18.635",
CAND_SNIa_042,ZTF18abbpeqo,238.226875,50.619389,SN Ia,spectroscopic,IAU TNS / ZTF Bright Transient Survey (BTS),https://www.wis-tns.org/object/2018cvq,ZTF Bright Transient Survey (BTS),in_distribution,VERIFIED,ZTF_COORDINATE_GROUNDED,"Spectroscopic z=0.06678, peak mag=17.9918",
CAND_SNIa_043,ZTF18abbvsiv,261.133417,70.372417,SN Ia,spectroscopic,IAU TNS / ZTF Bright Transient Survey (BTS),https://www.wis-tns.org/object/2018cto,ZTF Bright Transient Survey (BTS),in_distribution,VERIFIED,ZTF_COORDINATE_GROUNDED,"Spectroscopic z=0.051, peak mag=17.663",
CAND_SNIa_044,ZTF18abcrtnq,198.892958,28.342917,SN Ia,spectroscopic,IAU TNS / ZTF Bright Transient Survey (BTS),https://www.wis-tns.org/object/2018cvu,ZTF Bright Transient Survey (BTS),in_distribution,VERIFIED,ZTF_COORDINATE_GROUNDED,"Spectroscopic z=0.10151, peak mag=18.611",
CAND_SNIa_045,ZTF18abcdzyc,195.4405,61.465389,SN Ia,spectroscopic,IAU TNS / ZTF Bright Transient Survey (BTS),https://www.wis-tns.org/object/2018cty,ZTF Bright Transient Survey (BTS),in_distribution,VERIFIED,ZTF_COORDINATE_GROUNDED,"Spectroscopic z=0.056, peak mag=18.084",
CAND_SNIa_046,ZTF18abckujg,222.9735,46.64575,SN Ia,spectroscopic,IAU TNS / ZTF Bright Transient Survey (BTS),https://www.wis-tns.org/object/2018cvt,ZTF Bright Transient Survey (BTS),in_distribution,VERIFIED,ZTF_COORDINATE_GROUNDED,"Spectroscopic z=0.074, peak mag=18.4174",
CAND_SNIa_047,ZTF18aazhwnh,233.014792,23.517028,SN Ia,spectroscopic,IAU TNS / ZTF Bright Transient Survey (BTS),https://www.wis-tns.org/object/2018cua,ZTF Bright Transient Survey (BTS),in_distribution,VERIFIED,ZTF_COORDINATE_GROUNDED,"Spectroscopic z=0.0907, peak mag=18.9016",
CAND_SNIa_048,ZTF18abcecfi,230.351375,69.606222,SN Ia,spectroscopic,IAU TNS / ZTF Bright Transient Survey (BTS),https://www.wis-tns.org/object/2018dbc,ZTF Bright Transient Survey (BTS),in_distribution,VERIFIED,ZTF_COORDINATE_GROUNDED,"Spectroscopic z=0.08, peak mag=18.7905",
CAND_SNIa_049,ZTF18abcsgvj,266.102625,55.175417,SN Ia,spectroscopic,IAU TNS / ZTF Bright Transient Survey (BTS),https://www.wis-tns.org/object/2018cxl,ZTF Bright Transient Survey (BTS),in_distribution,VERIFIED,ZTF_COORDINATE_GROUNDED,"Spectroscopic z=0.06, peak mag=18.3988",
CAND_SNIa_050,ZTF18abckujq,181.66925,59.513361,SN Ia,spectroscopic,IAU TNS / ZTF Bright Transient Survey (BTS),https://www.wis-tns.org/object/2018cvf,ZTF Bright Transient Survey (BTS),in_distribution,VERIFIED,ZTF_COORDINATE_GROUNDED,"Spectroscopic z=0.06383, peak mag=17.8503",
CAND_SNII_001,ZTF18aapifti,177.017625,30.360056,SN IIP,spectroscopic,IAU TNS / ZTF Bright Transient Survey (BTS),https://www.wis-tns.org/object/2018bdv,ZTF Bright Transient Survey (BTS),in_distribution,VERIFIED,ZTF_COORDINATE_GROUNDED,"Spectroscopic type=SN IIP, z=0.0216, peak mag=18.5164",
CAND_SNII_002,ZTF18aaqkoyr,166.066667,50.030611,SN II,spectroscopic,IAU TNS / ZTF Bright Transient Survey (BTS),https://www.wis-tns.org/object/2018bge,ZTF Bright Transient Survey (BTS),in_distribution,VERIFIED,ZTF_COORDINATE_GROUNDED,"Spectroscopic type=SN II, z=0.02389, peak mag=17.9096",
CAND_SNII_003,ZTF18aasxvsg,217.129,37.067833,SN II,spectroscopic,IAU TNS / ZTF Bright Transient Survey (BTS),https://www.wis-tns.org/object/2018bti,ZTF Bright Transient Survey (BTS),in_distribution,VERIFIED,ZTF_COORDINATE_GROUNDED,"Spectroscopic type=SN II, z=0.0248, peak mag=17.9771",
CAND_SNII_004,ZTF18aavqdyq,268.434583,40.75575,SN II,spectroscopic,IAU TNS / ZTF Bright Transient Survey (BTS),https://www.wis-tns.org/object/2018elk,ZTF Bright Transient Survey (BTS),in_distribution,VERIFIED,ZTF_COORDINATE_GROUNDED,"Spectroscopic type=SN II, z=0.026, peak mag=18.7519",
CAND_SNII_005,ZTF18aawyjjq,263.058833,36.073972,SN II,spectroscopic,IAU TNS / ZTF Bright Transient Survey (BTS),https://www.wis-tns.org/object/2018ccp,ZTF Bright Transient Survey (BTS),in_distribution,VERIFIED,ZTF_COORDINATE_GROUNDED,"Spectroscopic type=SN II, z=0.04, peak mag=18.6744",
CAND_SNII_006,ZTF18aaxnqjb,207.34225,21.07075,SN II,spectroscopic,IAU TNS / ZTF Bright Transient Survey (BTS),https://www.wis-tns.org/object/2018cdg,ZTF Bright Transient Survey (BTS),in_distribution,VERIFIED,ZTF_COORDINATE_GROUNDED,"Spectroscopic type=SN II, z=0.054, peak mag=18.7515",
CAND_SNII_007,ZTF18aatlfus,257.176375,28.520583,SN IIP,spectroscopic,IAU TNS / ZTF Bright Transient Survey (BTS),https://www.wis-tns.org/object/2018clq,ZTF Bright Transient Survey (BTS),in_distribution,VERIFIED,ZTF_COORDINATE_GROUNDED,"Spectroscopic type=SN IIP, z=0.0451, peak mag=18.3244",
CAND_SNII_008,ZTF18abbpxik,230.709667,8.080306,SN II,spectroscopic,IAU TNS / ZTF Bright Transient Survey (BTS),https://www.wis-tns.org/object/2018cqp,ZTF Bright Transient Survey (BTS),in_distribution,VERIFIED,ZTF_COORDINATE_GROUNDED,"Spectroscopic type=SN II, z=0.03236, peak mag=18.4529",
CAND_SNII_009,ZTF18abckutn,237.026875,55.714833,SN IIP,spectroscopic,IAU TNS / ZTF Bright Transient Survey (BTS),https://www.wis-tns.org/object/2018cxn,ZTF Bright Transient Survey (BTS),in_distribution,VERIFIED,ZTF_COORDINATE_GROUNDED,"Spectroscopic type=SN IIP, z=0.0401, peak mag=18.9885",
CAND_SNII_010,ZTF18abcezmh,269.451833,40.076389,SN II,spectroscopic,IAU TNS / ZTF Bright Transient Survey (BTS),https://www.wis-tns.org/object/2018cyh,ZTF Bright Transient Survey (BTS),in_distribution,VERIFIED,ZTF_COORDINATE_GROUNDED,"Spectroscopic type=SN II, z=0.057, peak mag=18.931",
CAND_SNII_011,ZTF18abceakp,212.052,65.63775,SN II,spectroscopic,IAU TNS / ZTF Bright Transient Survey (BTS),https://www.wis-tns.org/object/2018cvi,ZTF Bright Transient Survey (BTS),in_distribution,VERIFIED,ZTF_COORDINATE_GROUNDED,"Spectroscopic type=SN II, z=0.03, peak mag=18.0295",
CAND_SNII_012,ZTF18abcpmwh,194.788,37.316694,SN IIP,spectroscopic,IAU TNS / ZTF Bright Transient Survey (BTS),https://www.wis-tns.org/object/2018cur,ZTF Bright Transient Survey (BTS),in_distribution,VERIFIED,ZTF_COORDINATE_GROUNDED,"Spectroscopic type=SN IIP, z=0.01543, peak mag=16.691",
CAND_SNII_013,ZTF18abcptmt,267.329875,49.412389,SN II,spectroscopic,IAU TNS / ZTF Bright Transient Survey (BTS),https://www.wis-tns.org/object/2018cug,ZTF Bright Transient Survey (BTS),in_distribution,VERIFIED,ZTF_COORDINATE_GROUNDED,"Spectroscopic type=SN II, z=0.05, peak mag=18.6301",
CAND_SNII_014,ZTF18abcyhju,188.845667,29.492167,SN II,spectroscopic,IAU TNS / ZTF Bright Transient Survey (BTS),https://www.wis-tns.org/object/2018cup,ZTF Bright Transient Survey (BTS),in_distribution,VERIFIED,ZTF_COORDINATE_GROUNDED,"Spectroscopic type=SN II, z=0.01524, peak mag=17.501",
CAND_SNII_015,ZTF18abdbysy,233.535333,56.696833,SN II,spectroscopic,IAU TNS / ZTF Bright Transient Survey (BTS),https://www.wis-tns.org/object/2018cyg,ZTF Bright Transient Survey (BTS),in_distribution,VERIFIED,ZTF_COORDINATE_GROUNDED,"Spectroscopic type=SN II, z=0.01127, peak mag=18.2973",
CAND_SNII_016,ZTF18abdrbqp,201.404708,36.384417,SN IIP,spectroscopic,IAU TNS / ZTF Bright Transient Survey (BTS),https://www.wis-tns.org/object/2018dcw,ZTF Bright Transient Survey (BTS),in_distribution,VERIFIED,ZTF_COORDINATE_GROUNDED,"Spectroscopic type=SN IIP, z=0.019, peak mag=17.8291",
CAND_SNII_017,ZTF18abcfdzu,230.217125,54.215528,SN IIP,spectroscopic,IAU TNS / ZTF Bright Transient Survey (BTS),https://www.wis-tns.org/object/2018dfa,ZTF Bright Transient Survey (BTS),in_distribution,VERIFIED,ZTF_COORDINATE_GROUNDED,"Spectroscopic type=SN IIP, z=0.125, peak mag=18.7639",
CAND_SNII_018,ZTF18abeajml,252.032333,24.304083,SN II,spectroscopic,IAU TNS / ZTF Bright Transient Survey (BTS),https://www.wis-tns.org/object/2018dfc,ZTF Bright Transient Survey (BTS),in_distribution,VERIFIED,ZTF_COORDINATE_GROUNDED,"Spectroscopic type=SN II, z=0.03651, peak mag=17.8776",
CAND_SNII_019,ZTF18abesqnb,224.801458,71.375806,SN II,spectroscopic,IAU TNS / ZTF Bright Transient Survey (BTS),https://www.wis-tns.org/object/2018dyh,ZTF Bright Transient Survey (BTS),in_distribution,VERIFIED,ZTF_COORDINATE_GROUNDED,"Spectroscopic type=SN II, z=0.07, peak mag=18.5821",
CAND_SNII_020,ZTF18abffyqp,252.708667,45.397889,SN II,spectroscopic,IAU TNS / ZTF Bright Transient Survey (BTS),https://www.wis-tns.org/object/2018dfi,ZTF Bright Transient Survey (BTS),in_distribution,VERIFIED,ZTF_COORDINATE_GROUNDED,"Spectroscopic type=SN II, z=0.03130, peak mag=18.1386",
CAND_SNII_021,ZTF18abfzixe,240.491375,29.414889,SN IIP,spectroscopic,IAU TNS / ZTF Bright Transient Survey (BTS),https://www.wis-tns.org/object/2018eam,ZTF Bright Transient Survey (BTS),in_distribution,VERIFIED,ZTF_COORDINATE_GROUNDED,"Spectroscopic type=SN IIP, z=0.034, peak mag=18.778",
CAND_SNII_022,ZTF18abgrbjb,274.998583,51.796472,SN IIb,spectroscopic,IAU TNS / ZTF Bright Transient Survey (BTS),https://www.wis-tns.org/object/2018efd,ZTF Bright Transient Survey (BTS),in_distribution,VERIFIED,ZTF_COORDINATE_GROUNDED,"Spectroscopic type=SN IIb, z=0.03, peak mag=18.9168",
CAND_SNII_023,ZTF18abfzfcv,239.107667,46.89925,SN IIb,spectroscopic,IAU TNS / ZTF Bright Transient Survey (BTS),https://www.wis-tns.org/object/2018dzw,ZTF Bright Transient Survey (BTS),in_distribution,VERIFIED,ZTF_COORDINATE_GROUNDED,"Spectroscopic type=SN IIb, z=0.038, peak mag=18.6633",
CAND_SNII_024,ZTF18abimhfu,240.14225,31.642944,SN II,spectroscopic,IAU TNS / ZTF Bright Transient Survey (BTS),https://www.wis-tns.org/object/2018efj,ZTF Bright Transient Survey (BTS),in_distribution,VERIFIED,ZTF_COORDINATE_GROUNDED,"Spectroscopic type=SN II, z=0.05, peak mag=18.7819",
CAND_SNII_025,ZTF22aamjqvc,217.829167,21.290028,SN II,spectroscopic,IAU TNS / ZTF Bright Transient Survey (BTS),https://www.wis-tns.org/object/2018elp,ZTF Bright Transient Survey (BTS),in_distribution,VERIFIED,ZTF_COORDINATE_GROUNDED,"Spectroscopic type=SN II, z=0.03, peak mag=17.865",
CAND_SNII_026,ZTF18abokyfk,2.360583,47.354056,SN II,spectroscopic,IAU TNS / ZTF Bright Transient Survey (BTS),https://www.wis-tns.org/object/2018fif,ZTF Bright Transient Survey (BTS),in_distribution,VERIFIED,ZTF_COORDINATE_GROUNDED,"Spectroscopic type=SN II, z=0.01718, peak mag=17.5416",
CAND_SNII_027,ZTF18abojpnr,297.487167,59.59275,SN IIb,spectroscopic,IAU TNS / ZTF Bright Transient Survey (BTS),https://www.wis-tns.org/object/2018fzn,ZTF Bright Transient Survey (BTS),in_distribution,VERIFIED,ZTF_COORDINATE_GROUNDED,"Spectroscopic type=SN IIb, z=0.0375, peak mag=18.716",
CAND_SNII_028,ZTF18abrlljc,253.184083,70.088222,SN IIP,spectroscopic,IAU TNS / ZTF Bright Transient Survey (BTS),https://www.wis-tns.org/object/2018fso,ZTF Bright Transient Survey (BTS),in_distribution,VERIFIED,ZTF_COORDINATE_GROUNDED,"Spectroscopic type=SN IIP, z=0.05, peak mag=18.282",
CAND_SNII_029,ZTF20acfkzcg,115.76975,50.28875,SN IIP,spectroscopic,IAU TNS / ZTF Bright Transient Survey (BTS),https://www.wis-tns.org/object/2021htp,ZTF Bright Transient Survey (BTS),in_distribution,VERIFIED,ZTF_COORDINATE_GROUNDED,"Spectroscopic type=SN IIP, z=0.0187, peak mag=17.8904",
CAND_SNII_030,ZTF18abqyvzy,359.928375,34.344417,SN II,spectroscopic,IAU TNS / ZTF Bright Transient Survey (BTS),https://www.wis-tns.org/object/2018fpb,ZTF Bright Transient Survey (BTS),in_distribution,VERIFIED,ZTF_COORDINATE_GROUNDED,"Spectroscopic type=SN II, z=0.0148, peak mag=16.3394",
CAND_SNII_031,ZTF18acgvgiq,204.01575,66.301222,SN II,spectroscopic,IAU TNS / ZTF Bright Transient Survey (BTS),https://www.wis-tns.org/object/2018fru,ZTF Bright Transient Survey (BTS),in_distribution,VERIFIED,ZTF_COORDINATE_GROUNDED,"Spectroscopic type=SN II, z=0.01026, peak mag=16.6542",
CAND_SNII_032,ZTF18abvvmdf,249.197458,55.735778,SN II,spectroscopic,IAU TNS / ZTF Bright Transient Survey (BTS),https://www.wis-tns.org/object/2018gts,ZTF Bright Transient Survey (BTS),in_distribution,VERIFIED,ZTF_COORDINATE_GROUNDED,"Spectroscopic type=SN II, z=0.02959, peak mag=18.5492",
CAND_SNII_033,ZTF18abzrgim,346.885583,23.005806,SN II,spectroscopic,IAU TNS / ZTF Bright Transient Survey (BTS),https://www.wis-tns.org/object/2018gvt,ZTF Bright Transient Survey (BTS),in_distribution,VERIFIED,ZTF_COORDINATE_GROUNDED,"Spectroscopic type=SN II, z=0.02081, peak mag=17.9605",
CAND_SNII_034,ZTF18acbwasc,165.494083,45.227556,SN IIP,spectroscopic,IAU TNS / ZTF Bright Transient Survey (BTS),https://www.wis-tns.org/object/2018hfc,ZTF Bright Transient Survey (BTS),in_distribution,VERIFIED,ZTF_COORDINATE_GROUNDED,"Spectroscopic type=SN IIP, z=0.02, peak mag=17.6647",
CAND_SNII_035,ZTF18accnmri,126.127292,18.604194,SN IIP,spectroscopic,IAU TNS / ZTF Bright Transient Survey (BTS),https://www.wis-tns.org/object/2018hij,ZTF Bright Transient Survey (BTS),in_distribution,VERIFIED,ZTF_COORDINATE_GROUNDED,"Spectroscopic type=SN IIP, z=0.01969, peak mag=18.2249",
CAND_SNII_036,ZTF18acbwaxk,186.550333,58.314111,SN II,spectroscopic,IAU TNS / ZTF Bright Transient Survey (BTS),https://www.wis-tns.org/object/2018hna,ZTF Bright Transient Survey (BTS),in_distribution,VERIFIED,ZTF_COORDINATE_GROUNDED,"Spectroscopic type=SN II, z=0.0024, peak mag=13.9583",
CAND_SNII_037,ZTF18acbuemc,18.68625,4.107028,SN II,spectroscopic,IAU TNS / ZTF Bright Transient Survey (BTS),https://www.wis-tns.org/object/2018hsc,ZTF Bright Transient Survey (BTS),in_distribution,VERIFIED,ZTF_COORDINATE_GROUNDED,"Spectroscopic type=SN II, z=0.043, peak mag=18.4993",
CAND_SNII_038,ZTF18acbzvpg,170.0005,36.101,SN IIb,spectroscopic,IAU TNS / ZTF Bright Transient Survey (BTS),https://www.wis-tns.org/object/2018iby,ZTF Bright Transient Survey (BTS),in_distribution,VERIFIED,ZTF_COORDINATE_GROUNDED,"Spectroscopic type=SN IIb, z=0.026, peak mag=18.5362",
CAND_SNII_039,ZTF18accmkud,106.951292,36.473861,SN II,spectroscopic,IAU TNS / ZTF Bright Transient Survey (BTS),https://www.wis-tns.org/object/2018idh,ZTF Bright Transient Survey (BTS),in_distribution,VERIFIED,ZTF_COORDINATE_GROUNDED,"Spectroscopic type=SN II, z=0.04, peak mag=18.7599",
CAND_SNII_040,ZTF18acebssa,65.574833,-5.46825,SN II,spectroscopic,IAU TNS / ZTF Bright Transient Survey (BTS),https://www.wis-tns.org/object/2018hxf,ZTF Bright Transient Survey (BTS),in_distribution,VERIFIED,ZTF_COORDINATE_GROUNDED,"Spectroscopic type=SN II, z=0.0296, peak mag=17.2964",
CAND_SLSN_001,ZTF18abxbmqh,143.865875,52.632222,SLSN-II,spectroscopic,IAU TNS / ZTF Bright Transient Survey (BTS) / Perley et al. 2020,https://www.wis-tns.org/object/2018iaw,ZTF Bright Transient Survey (BTS),ood_anomaly,VERIFIED,ZTF_COORDINATE_GROUNDED,"Spectroscopic type=SLSN-II, z=0.206, peak mag=18.8683",
CAND_SLSN_002,ZTF18achdidy,170.910875,25.997722,SLSN-I,spectroscopic,IAU TNS / ZTF Bright Transient Survey (BTS) / Perley et al. 2020,https://www.wis-tns.org/object/2018jfo,ZTF Bright Transient Survey (BTS),ood_anomaly,VERIFIED,ZTF_COORDINATE_GROUNDED,"Spectroscopic type=SLSN-I, z=0.163, peak mag=18.6393",
CAND_SLSN_003,ZTF18acnnevs,174.16825,55.170139,SLSN-II,spectroscopic,IAU TNS / ZTF Bright Transient Survey (BTS) / Perley et al. 2020,https://www.wis-tns.org/object/2018lng,ZTF Bright Transient Survey (BTS),ood_anomaly,VERIFIED,ZTF_COORDINATE_GROUNDED,"Spectroscopic type=SLSN-II, z=0.191, peak mag=18.5956",
CAND_SLSN_004,ZTF18acsxwdi,17.381292,29.331333,SLSN-II,spectroscopic,IAU TNS / ZTF Bright Transient Survey (BTS) / Perley et al. 2020,https://www.wis-tns.org/object/2018jkq,ZTF Bright Transient Survey (BTS),ood_anomaly,VERIFIED,ZTF_COORDINATE_GROUNDED,"Spectroscopic type=SLSN-II, z=0.1193, peak mag=18.0795",
CAND_SLSN_005,ZTF18acyxnyw,186.984333,56.393194,SLSN-I,spectroscopic,IAU TNS / ZTF Bright Transient Survey (BTS) / Perley et al. 2020,https://www.wis-tns.org/object/2018kyt,ZTF Bright Transient Survey (BTS),ood_anomaly,VERIFIED,ZTF_COORDINATE_GROUNDED,"Spectroscopic type=SLSN-I, z=0.108, peak mag=18.241",
CAND_SLSN_006,ZTF19aaadwfi,159.636458,48.275306,SLSN-II,spectroscopic,IAU TNS / ZTF Bright Transient Survey (BTS) / Perley et al. 2020,https://www.wis-tns.org/object/2018lnb,ZTF Bright Transient Survey (BTS),ood_anomaly,VERIFIED,ZTF_COORDINATE_GROUNDED,"Spectroscopic type=SLSN-II, z=0.222, peak mag=18.2381",
CAND_SLSN_007,ZTF19aafljiq,171.856708,19.397806,SLSN-II,spectroscopic,IAU TNS / ZTF Bright Transient Survey (BTS) / Perley et al. 2020,https://www.wis-tns.org/object/2019afz,ZTF Bright Transient Survey (BTS),ood_anomaly,VERIFIED,ZTF_COORDINATE_GROUNDED,"Spectroscopic type=SLSN-II, z=0.106, peak mag=17.7108",
CAND_SLSN_008,ZTF19aakphow,220.658292,56.136333,SLSN-II,spectroscopic,IAU TNS / ZTF Bright Transient Survey (BTS) / Perley et al. 2020,https://www.wis-tns.org/object/2019bie,ZTF Bright Transient Survey (BTS),ood_anomaly,VERIFIED,ZTF_COORDINATE_GROUNDED,"Spectroscopic type=SLSN-II, z=0.117, peak mag=18.5968",
CAND_SLSN_009,ZTF19aanesgt,124.474708,65.479583,SLSN-I,spectroscopic,IAU TNS / ZTF Bright Transient Survey (BTS) / Perley et al. 2020,https://www.wis-tns.org/object/2019cdt,ZTF Bright Transient Survey (BTS),ood_anomaly,VERIFIED,ZTF_COORDINATE_GROUNDED,"Spectroscopic type=SLSN-I, z=0.153, peak mag=18.4521",
CAND_SLSN_010,ZTF19aamrais,275.429375,30.992639,SLSN-II,spectroscopic,IAU TNS / ZTF Bright Transient Survey (BTS) / Perley et al. 2020,https://www.wis-tns.org/object/2019cqc,ZTF Bright Transient Survey (BTS),ood_anomaly,VERIFIED,ZTF_COORDINATE_GROUNDED,"Spectroscopic type=SLSN-II, z=0.1173, peak mag=18.4655",
CAND_SLSN_011,ZTF19aalbrgu,284.470792,45.589972,SLSN-II,spectroscopic,IAU TNS / ZTF Bright Transient Survey (BTS) / Perley et al. 2020,https://www.wis-tns.org/object/2019cmv,ZTF Bright Transient Survey (BTS),ood_anomaly,VERIFIED,ZTF_COORDINATE_GROUNDED,"Spectroscopic type=SLSN-II, z=0.097, peak mag=17.8658",
CAND_SLSN_012,ZTF19aarphwc,270.12475,50.295361,SLSN-I,spectroscopic,IAU TNS / ZTF Bright Transient Survey (BTS) / Perley et al. 2020,https://www.wis-tns.org/object/2019eot,ZTF Bright Transient Survey (BTS),ood_anomaly,VERIFIED,ZTF_COORDINATE_GROUNDED,"Spectroscopic type=SLSN-I, z=0.3057, peak mag=18.568",
CAND_SLSN_013,ZTF19aavouyw,233.944083,24.062472,SLSN-I,spectroscopic,IAU TNS / ZTF Bright Transient Survey (BTS) / Perley et al. 2020,https://www.wis-tns.org/object/2019gfm,ZTF Bright Transient Survey (BTS),ood_anomaly,VERIFIED,ZTF_COORDINATE_GROUNDED,"Spectroscopic type=SLSN-I, z=0.1816, peak mag=18.6958",
CAND_SLSN_014,ZTF19aawfbtg,336.088333,24.788083,SLSN-I,spectroscopic,IAU TNS / ZTF Bright Transient Survey (BTS) / Perley et al. 2020,https://www.wis-tns.org/object/2019hge,ZTF Bright Transient Survey (BTS),ood_anomaly,VERIFIED,ZTF_COORDINATE_GROUNDED,"Spectroscopic type=SLSN-I, z=0.0866, peak mag=18.1912",
CAND_SLSN_015,ZTF19abfvnns,1.169083,42.869806,SLSN-I,spectroscopic,IAU TNS / ZTF Bright Transient Survey (BTS) / Perley et al. 2020,https://www.wis-tns.org/object/2019lsq,ZTF Bright Transient Survey (BTS),ood_anomaly,VERIFIED,ZTF_COORDINATE_GROUNDED,"Spectroscopic type=SLSN-I, z=0.14, peak mag=18.088",
CAND_SLSN_016,ZTF19abpbopt,268.611417,47.26125,SLSN-I,spectroscopic,IAU TNS / ZTF Bright Transient Survey (BTS) / Perley et al. 2020,https://www.wis-tns.org/object/2019neq,ZTF Bright Transient Survey (BTS),ood_anomaly,VERIFIED,ZTF_COORDINATE_GROUNDED,"Spectroscopic type=SLSN-I, z=0.1075, peak mag=17.0762",
CAND_SLSN_017,ZTF19abnacvf,13.006042,7.616583,SLSN-I,spectroscopic,IAU TNS / ZTF Bright Transient Survey (BTS) / Perley et al. 2020,https://www.wis-tns.org/object/2019nhs,ZTF Bright Transient Survey (BTS),ood_anomaly,VERIFIED,ZTF_COORDINATE_GROUNDED,"Spectroscopic type=SLSN-I, z=0.19, peak mag=18.4537",
CAND_SLSN_018,ZTF19abpvbzf,308.216958,-12.850083,SLSN-II,spectroscopic,IAU TNS / ZTF Bright Transient Survey (BTS) / Perley et al. 2020,https://www.wis-tns.org/object/2019npx,ZTF Bright Transient Survey (BTS),ood_anomaly,VERIFIED,ZTF_COORDINATE_GROUNDED,"Spectroscopic type=SLSN-II, z=0.057, peak mag=17.0345",
CAND_SLSN_019,ZTF19abxekxi,311.300083,-12.011056,SLSN-II,spectroscopic,IAU TNS / ZTF Bright Transient Survey (BTS) / Perley et al. 2020,https://www.wis-tns.org/object/2019qfb,ZTF Bright Transient Survey (BTS),ood_anomaly,VERIFIED,ZTF_COORDINATE_GROUNDED,"Spectroscopic type=SLSN-II, z=0.1423, peak mag=18.4672",
CAND_SLSN_020,ZTF19abxgmzr,318.229208,-16.635278,SLSN-I,spectroscopic,IAU TNS / ZTF Bright Transient Survey (BTS) / Perley et al. 2020,https://www.wis-tns.org/object/2019pud,ZTF Bright Transient Survey (BTS),ood_anomaly,VERIFIED,ZTF_COORDINATE_GROUNDED,"Spectroscopic type=SLSN-I, z=0.1136, peak mag=17.8308",
CAND_TDE_001,ZTF19aabbnzo,105.827667,23.029083,TDE,spectroscopic,IAU TNS / ZTF BTS / van Velzen et al. 2021 / Hammerstein et al. 2023,https://www.wis-tns.org/object/2018lna,ZTF Bright Transient Survey (BTS) / van Velzen et al. 2021,ood_anomaly,VERIFIED,ZTF_COORDINATE_GROUNDED,"Spectroscopic TDE, z=0.091, peak mag=18.6643",
CAND_TDE_002,ZTF17aaazdba,123.320625,22.648306,TDE,spectroscopic,IAU TNS / ZTF BTS / van Velzen et al. 2021 / Hammerstein et al. 2023,https://www.wis-tns.org/object/2019azh,ZTF Bright Transient Survey (BTS) / van Velzen et al. 2021,ood_anomaly,VERIFIED,ZTF_COORDINATE_GROUNDED,"Spectroscopic TDE, z=0.022, peak mag=15.2769",
CAND_TDE_003,ZTF19aapreis,314.262333,14.2045,TDE,spectroscopic,IAU TNS / ZTF BTS / van Velzen et al. 2021 / Hammerstein et al. 2023,https://www.wis-tns.org/object/2019dsg,ZTF Bright Transient Survey (BTS) / van Velzen et al. 2021,ood_anomaly,VERIFIED,ZTF_COORDINATE_GROUNDED,"Spectroscopic TDE, z=0.0512, peak mag=17.8466",
CAND_TDE_004,ZTF19aarioci,212.4245,55.491111,TDE,spectroscopic,IAU TNS / ZTF BTS / van Velzen et al. 2021 / Hammerstein et al. 2023,https://www.wis-tns.org/object/2019ehz,ZTF Bright Transient Survey (BTS) / van Velzen et al. 2021,ood_anomaly,VERIFIED,ZTF_COORDINATE_GROUNDED,"Spectroscopic TDE, z=0.074, peak mag=18.1438",
CAND_TDE_005,ZTF19abidbya,347.80125,-1.002972,TDE,spectroscopic,IAU TNS / ZTF BTS / van Velzen et al. 2021 / Hammerstein et al. 2023,https://www.wis-tns.org/object/2019lwu,ZTF Bright Transient Survey (BTS) / van Velzen et al. 2021,ood_anomaly,VERIFIED,ZTF_COORDINATE_GROUNDED,"Spectroscopic TDE, z=0.117, peak mag=18.8589",
CAND_TDE_006,ZTF19abzrhgq,71.657833,-10.226333,TDE,spectroscopic,IAU TNS / ZTF BTS / van Velzen et al. 2021 / Hammerstein et al. 2023,https://www.wis-tns.org/object/2019qiz,ZTF Bright Transient Survey (BTS) / van Velzen et al. 2021,ood_anomaly,VERIFIED,ZTF_COORDINATE_GROUNDED,"Spectroscopic TDE, z=0.0151, peak mag=15.7882",
CAND_TDE_007,ZTF20aabqihu,232.895667,33.094889,TDE,spectroscopic,IAU TNS / ZTF BTS / van Velzen et al. 2021 / Hammerstein et al. 2023,https://www.wis-tns.org/object/2020pj,ZTF Bright Transient Survey (BTS) / van Velzen et al. 2021,ood_anomaly,VERIFIED,ZTF_COORDINATE_GROUNDED,"Spectroscopic TDE, z=0.068, peak mag=18.7141",
CAND_TDE_008,ZTF20abfcszi,7.80625,85.008806,TDE,spectroscopic,IAU TNS / ZTF BTS / van Velzen et al. 2021 / Hammerstein et al. 2023,https://www.wis-tns.org/object/2020mot,ZTF Bright Transient Survey (BTS) / van Velzen et al. 2021,ood_anomaly,VERIFIED,ZTF_COORDINATE_GROUNDED,"Spectroscopic TDE, z=0.07, peak mag=18.2459",
CAND_TDE_009,ZTF20abgwfek,230.333667,14.069583,TDE,spectroscopic,IAU TNS / ZTF BTS / van Velzen et al. 2021 / Hammerstein et al. 2023,https://www.wis-tns.org/object/2020neh,ZTF Bright Transient Survey (BTS) / van Velzen et al. 2021,ood_anomaly,VERIFIED,ZTF_COORDINATE_GROUNDED,"Spectroscopic TDE, z=0.062, peak mag=17.7914",
CAND_TDE_010,ZTF20acaazkt,152.222708,42.71675,TDE,spectroscopic,IAU TNS / ZTF BTS / van Velzen et al. 2021 / Hammerstein et al. 2023,https://www.wis-tns.org/object/2020vdq,ZTF Bright Transient Survey (BTS) / van Velzen et al. 2021,ood_anomaly,VERIFIED,ZTF_COORDINATE_GROUNDED,"Spectroscopic TDE, z=0.044, peak mag=16.8808",
CAND_TDE_011,ZTF20acitpfz,136.357833,61.802556,TDE,spectroscopic,IAU TNS / ZTF BTS / van Velzen et al. 2021 / Hammerstein et al. 2023,https://www.wis-tns.org/object/2020wey,ZTF Bright Transient Survey (BTS) / van Velzen et al. 2021,ood_anomaly,VERIFIED,ZTF_COORDINATE_GROUNDED,"Spectroscopic TDE, z=0.02738, peak mag=17.9364",
CAND_TDE_012,ZTF20acnznms,165.001375,21.112722,TDE,spectroscopic,IAU TNS / ZTF BTS / van Velzen et al. 2021 / Hammerstein et al. 2023,https://www.wis-tns.org/object/2020yue,ZTF Bright Transient Survey (BTS) / van Velzen et al. 2021,ood_anomaly,VERIFIED,ZTF_COORDINATE_GROUNDED,"Spectroscopic TDE, z=0.204, peak mag=18.5241",
CAND_TDE_013,ZTF21abcgnqn,238.463667,55.588778,TDE,spectroscopic,IAU TNS / ZTF BTS / van Velzen et al. 2021 / Hammerstein et al. 2023,https://www.wis-tns.org/object/2021nwa,ZTF Bright Transient Survey (BTS) / van Velzen et al. 2021,ood_anomaly,VERIFIED,ZTF_COORDINATE_GROUNDED,"Spectroscopic TDE, z=0.047, peak mag=18.4192",
CAND_TDE_014,ZTF21abhrchb,302.912167,-21.160194,TDE,spectroscopic,IAU TNS / ZTF BTS / van Velzen et al. 2021 / Hammerstein et al. 2023,https://www.wis-tns.org/object/2021qth,ZTF Bright Transient Survey (BTS) / van Velzen et al. 2021,ood_anomaly,VERIFIED,ZTF_COORDINATE_GROUNDED,"Spectroscopic TDE, z=0.0805, peak mag=18.7332",
CAND_TDE_015,ZTF21abjrysr,17.849583,50.574889,TDE,spectroscopic,IAU TNS / ZTF BTS / van Velzen et al. 2021 / Hammerstein et al. 2023,https://www.wis-tns.org/object/2021sdu,ZTF Bright Transient Survey (BTS) / van Velzen et al. 2021,ood_anomaly,VERIFIED,ZTF_COORDINATE_GROUNDED,"Spectroscopic TDE, z=0.059, peak mag=18.6177",
CAND_VarStar_001,ZTFJ000000.13+620605.8,0.00056,62.10163,Variable_Star,catalog_photometric,"The ZTF Catalog of Periodic Variable Stars (Chen et al. 2020, ApJS 249, 18)",https://vizier.cds.unistra.fr/viz-bin/VizieR-3?-source=J/ApJS/249/18/table2,ZTF Catalog of Periodic Variable Stars (Chen et al. 2020),in_distribution,VERIFIED,ZTF_COORDINATE_GROUNDED,"Subtype=BYDra, Period=1.9449979 d, g=17.995, r=16.571",
CAND_VarStar_002,ZTFJ000000.14+721413.7,0.00061,72.23716,Variable_Star,catalog_photometric,"The ZTF Catalog of Periodic Variable Stars (Chen et al. 2020, ApJS 249, 18)",https://vizier.cds.unistra.fr/viz-bin/VizieR-3?-source=J/ApJS/249/18/table2,ZTF Catalog of Periodic Variable Stars (Chen et al. 2020),in_distribution,VERIFIED,ZTF_COORDINATE_GROUNDED,"Subtype=EW, Period=0.2991500 d, g=19.613, r=18.804",
CAND_VarStar_003,ZTFJ000000.19+320847.2,0.0008,32.14645,Variable_Star,catalog_photometric,"The ZTF Catalog of Periodic Variable Stars (Chen et al. 2020, ApJS 249, 18)",https://vizier.cds.unistra.fr/viz-bin/VizieR-3?-source=J/ApJS/249/18/table2,ZTF Catalog of Periodic Variable Stars (Chen et al. 2020),in_distribution,VERIFIED,ZTF_COORDINATE_GROUNDED,"Subtype=EW, Period=0.2870590 d, g=15.311, r=14.610",
CAND_VarStar_004,ZTFJ000000.26+311206.3,0.00109,31.20176,Variable_Star,catalog_photometric,"The ZTF Catalog of Periodic Variable Stars (Chen et al. 2020, ApJS 249, 18)",https://vizier.cds.unistra.fr/viz-bin/VizieR-3?-source=J/ApJS/249/18/table2,ZTF Catalog of Periodic Variable Stars (Chen et al. 2020),in_distribution,VERIFIED,ZTF_COORDINATE_GROUNDED,"Subtype=EW, Period=0.3622166 d, g=16.350, r=15.844",
CAND_VarStar_005,ZTFJ000000.30+711634.1,0.00125,71.27616,Variable_Star,catalog_photometric,"The ZTF Catalog of Periodic Variable Stars (Chen et al. 2020, ApJS 249, 18)",https://vizier.cds.unistra.fr/viz-bin/VizieR-3?-source=J/ApJS/249/18/table2,ZTF Catalog of Periodic Variable Stars (Chen et al. 2020),in_distribution,VERIFIED,ZTF_COORDINATE_GROUNDED,"Subtype=EW, Period=0.2685154 d, g=19.144, r=17.875",
CAND_VarStar_006,ZTFJ000000.30+233400.5,0.00125,23.56682,Variable_Star,catalog_photometric,"The ZTF Catalog of Periodic Variable Stars (Chen et al. 2020, ApJS 249, 18)",https://vizier.cds.unistra.fr/viz-bin/VizieR-3?-source=J/ApJS/249/18/table2,ZTF Catalog of Periodic Variable Stars (Chen et al. 2020),in_distribution,VERIFIED,ZTF_COORDINATE_GROUNDED,"Subtype=EW, Period=0.2698738 d, g=17.890, r=16.944",
CAND_VarStar_007,ZTFJ000000.39+605148.8,0.00163,60.86358,Variable_Star,catalog_photometric,"The ZTF Catalog of Periodic Variable Stars (Chen et al. 2020, ApJS 249, 18)",https://vizier.cds.unistra.fr/viz-bin/VizieR-3?-source=J/ApJS/249/18/table2,ZTF Catalog of Periodic Variable Stars (Chen et al. 2020),in_distribution,VERIFIED,ZTF_COORDINATE_GROUNDED,"Subtype=EW, Period=0.5591434 d, g=19.965, r=19.002",
CAND_VarStar_008,ZTFJ000000.51+583238.7,0.00215,58.54409,Variable_Star,catalog_photometric,"The ZTF Catalog of Periodic Variable Stars (Chen et al. 2020, ApJS 249, 18)",https://vizier.cds.unistra.fr/viz-bin/VizieR-3?-source=J/ApJS/249/18/table2,ZTF Catalog of Periodic Variable Stars (Chen et al. 2020),in_distribution,VERIFIED,ZTF_COORDINATE_GROUNDED,"Subtype=BYDra, Period=2.9797713 d, g=16.586, r=15.368",
CAND_VarStar_009,ZTFJ000001.00+612832.8,0.0042,61.4758,Variable_Star,catalog_photometric,"The ZTF Catalog of Periodic Variable Stars (Chen et al. 2020, ApJS 249, 18)",https://vizier.cds.unistra.fr/viz-bin/VizieR-3?-source=J/ApJS/249/18/table2,ZTF Catalog of Periodic Variable Stars (Chen et al. 2020),in_distribution,VERIFIED,ZTF_COORDINATE_GROUNDED,"Subtype=EW, Period=0.3643510 d, g=20.640, r=19.627",
CAND_VarStar_010,ZTFJ000001.37+561504.9,0.00571,56.25137,Variable_Star,catalog_photometric,"The ZTF Catalog of Periodic Variable Stars (Chen et al. 2020, ApJS 249, 18)",https://vizier.cds.unistra.fr/viz-bin/VizieR-3?-source=J/ApJS/249/18/table2,ZTF Catalog of Periodic Variable Stars (Chen et al. 2020),in_distribution,VERIFIED,ZTF_COORDINATE_GROUNDED,"Subtype=EW, Period=0.2557214 d, g=19.416, r=18.559",
CAND_VarStar_011,ZTFJ000001.74+614940.9,0.00729,61.82803,Variable_Star,catalog_photometric,"The ZTF Catalog of Periodic Variable Stars (Chen et al. 2020, ApJS 249, 18)",https://vizier.cds.unistra.fr/viz-bin/VizieR-3?-source=J/ApJS/249/18/table2,ZTF Catalog of Periodic Variable Stars (Chen et al. 2020),in_distribution,VERIFIED,ZTF_COORDINATE_GROUNDED,"Subtype=EW, Period=1.0158276 d, g=19.094, r=18.013",
CAND_VarStar_012,ZTFJ000001.75+594739.4,0.00732,59.79428,Variable_Star,catalog_photometric,"The ZTF Catalog of Periodic Variable Stars (Chen et al. 2020, ApJS 249, 18)",https://vizier.cds.unistra.fr/viz-bin/VizieR-3?-source=J/ApJS/249/18/table2,ZTF Catalog of Periodic Variable Stars (Chen et al. 2020),in_distribution,VERIFIED,ZTF_COORDINATE_GROUNDED,"Subtype=SR, Period=112.0533126 d, g=18.676, r=17.393",
CAND_VarStar_013,ZTFJ000002.02+540550.8,0.00844,54.09746,Variable_Star,catalog_photometric,"The ZTF Catalog of Periodic Variable Stars (Chen et al. 2020, ApJS 249, 18)",https://vizier.cds.unistra.fr/viz-bin/VizieR-3?-source=J/ApJS/249/18/table2,ZTF Catalog of Periodic Variable Stars (Chen et al. 2020),in_distribution,VERIFIED,ZTF_COORDINATE_GROUNDED,"Subtype=RSCVN, Period=7.6299744 d, g=18.176, r=17.187",
CAND_VarStar_014,ZTFJ000002.20+480720.8,0.00918,48.12246,Variable_Star,catalog_photometric,"The ZTF Catalog of Periodic Variable Stars (Chen et al. 2020, ApJS 249, 18)",https://vizier.cds.unistra.fr/viz-bin/VizieR-3?-source=J/ApJS/249/18/table2,ZTF Catalog of Periodic Variable Stars (Chen et al. 2020),in_distribution,VERIFIED,ZTF_COORDINATE_GROUNDED,"Subtype=BYDra, Period=0.3810135 d, g=17.196, r=16.037",
CAND_VarStar_015,ZTFJ000002.21+385226.4,0.00921,38.87401,Variable_Star,catalog_photometric,"The ZTF Catalog of Periodic Variable Stars (Chen et al. 2020, ApJS 249, 18)",https://vizier.cds.unistra.fr/viz-bin/VizieR-3?-source=J/ApJS/249/18/table2,ZTF Catalog of Periodic Variable Stars (Chen et al. 2020),in_distribution,VERIFIED,ZTF_COORDINATE_GROUNDED,"Subtype=EW, Period=0.4103992 d, g=15.265, r=14.853",
CAND_VarStar_016,ZTFJ000002.27+331411.5,0.00947,33.23655,Variable_Star,catalog_photometric,"The ZTF Catalog of Periodic Variable Stars (Chen et al. 2020, ApJS 249, 18)",https://vizier.cds.unistra.fr/viz-bin/VizieR-3?-source=J/ApJS/249/18/table2,ZTF Catalog of Periodic Variable Stars (Chen et al. 2020),in_distribution,VERIFIED,ZTF_COORDINATE_GROUNDED,"Subtype=RSCVN, Period=0.1161226 d, g=18.781, r=17.726",
CAND_VarStar_017,ZTFJ000002.28+592423.4,0.00954,59.40651,Variable_Star,catalog_photometric,"The ZTF Catalog of Periodic Variable Stars (Chen et al. 2020, ApJS 249, 18)",https://vizier.cds.unistra.fr/viz-bin/VizieR-3?-source=J/ApJS/249/18/table2,ZTF Catalog of Periodic Variable Stars (Chen et al. 2020),in_distribution,VERIFIED,ZTF_COORDINATE_GROUNDED,"Subtype=EW, Period=0.3286918 d, g=20.860, r=19.268",
CAND_VarStar_018,ZTFJ000002.61+560944.8,0.01091,56.16245,Variable_Star,catalog_photometric,"The ZTF Catalog of Periodic Variable Stars (Chen et al. 2020, ApJS 249, 18)",https://vizier.cds.unistra.fr/viz-bin/VizieR-3?-source=J/ApJS/249/18/table2,ZTF Catalog of Periodic Variable Stars (Chen et al. 2020),in_distribution,VERIFIED,ZTF_COORDINATE_GROUNDED,"Subtype=RSCVN, Period=0.2780012 d, g=16.017, r=15.664",
CAND_VarStar_019,ZTFJ000002.69+640614.8,0.01123,64.10413,Variable_Star,catalog_photometric,"The ZTF Catalog of Periodic Variable Stars (Chen et al. 2020, ApJS 249, 18)",https://vizier.cds.unistra.fr/viz-bin/VizieR-3?-source=J/ApJS/249/18/table2,ZTF Catalog of Periodic Variable Stars (Chen et al. 2020),in_distribution,VERIFIED,ZTF_COORDINATE_GROUNDED,"Subtype=EW, Period=0.4084968 d, g=21.241, r=19.953",
CAND_VarStar_020,ZTFJ000002.99+611736.0,0.01246,61.29334,Variable_Star,catalog_photometric,"The ZTF Catalog of Periodic Variable Stars (Chen et al. 2020, ApJS 249, 18)",https://vizier.cds.unistra.fr/viz-bin/VizieR-3?-source=J/ApJS/249/18/table2,ZTF Catalog of Periodic Variable Stars (Chen et al. 2020),in_distribution,VERIFIED,ZTF_COORDINATE_GROUNDED,"Subtype=EW, Period=0.5534820 d, g=17.362, r=16.649",
CAND_VarStar_021,ZTFJ000003.05+410045.6,0.01271,41.01267,Variable_Star,catalog_photometric,"The ZTF Catalog of Periodic Variable Stars (Chen et al. 2020, ApJS 249, 18)",https://vizier.cds.unistra.fr/viz-bin/VizieR-3?-source=J/ApJS/249/18/table2,ZTF Catalog of Periodic Variable Stars (Chen et al. 2020),in_distribution,VERIFIED,ZTF_COORDINATE_GROUNDED,"Subtype=EW, Period=0.2701826 d, g=16.796, r=16.055",
CAND_VarStar_022,ZTFJ000003.10+722838.4,0.01292,72.47736,Variable_Star,catalog_photometric,"The ZTF Catalog of Periodic Variable Stars (Chen et al. 2020, ApJS 249, 18)",https://vizier.cds.unistra.fr/viz-bin/VizieR-3?-source=J/ApJS/249/18/table2,ZTF Catalog of Periodic Variable Stars (Chen et al. 2020),in_distribution,VERIFIED,ZTF_COORDINATE_GROUNDED,"Subtype=RSCVN, Period=0.2000857 d, g=17.146, r=16.473",
CAND_VarStar_023,ZTFJ000003.13-022548.2,0.01306,-2.43006,Variable_Star,catalog_photometric,"The ZTF Catalog of Periodic Variable Stars (Chen et al. 2020, ApJS 249, 18)",https://vizier.cds.unistra.fr/viz-bin/VizieR-3?-source=J/ApJS/249/18/table2,ZTF Catalog of Periodic Variable Stars (Chen et al. 2020),in_distribution,VERIFIED,ZTF_COORDINATE_GROUNDED,"Subtype=RR, Period=0.4936916 d, g=17.510, r=17.347",
CAND_VarStar_024,ZTFJ000003.23+543605.4,0.01347,54.60151,Variable_Star,catalog_photometric,"The ZTF Catalog of Periodic Variable Stars (Chen et al. 2020, ApJS 249, 18)",https://vizier.cds.unistra.fr/viz-bin/VizieR-3?-source=J/ApJS/249/18/table2,ZTF Catalog of Periodic Variable Stars (Chen et al. 2020),in_distribution,VERIFIED,ZTF_COORDINATE_GROUNDED,"Subtype=BYDra, Period=0.7863971 d, g=17.639, r=16.527",
CAND_VarStar_025,ZTFJ000003.24+692214.2,0.01353,69.37062,Variable_Star,catalog_photometric,"The ZTF Catalog of Periodic Variable Stars (Chen et al. 2020, ApJS 249, 18)",https://vizier.cds.unistra.fr/viz-bin/VizieR-3?-source=J/ApJS/249/18/table2,ZTF Catalog of Periodic Variable Stars (Chen et al. 2020),in_distribution,VERIFIED,ZTF_COORDINATE_GROUNDED,"Subtype=EW, Period=0.3728018 d, g=15.855, r=14.678",
CAND_CV_001,ZTF17aaaemzh,3.909458,26.615694,Cataclysmic_Variable,catalog_photometric,"Cataclysmic Variables in ZTF 1st-yr (Szkody et al. 2020, AJ 159, 198)",https://vizier.cds.unistra.fr/viz-bin/VizieR-3?-source=J/AJ/159/198/table1,"Szkody et al. (2020, AJ 159, 198)",ood_anomaly,VERIFIED,ZTF_COORDINATE_GROUNDED,"Outbursts=1, Max mag=13.8, Alt names=AT2016eav,G",
CAND_CV_002,ZTF18abdlywu,9.728458,61.216722,Cataclysmic_Variable,catalog_photometric,"Cataclysmic Variables in ZTF 1st-yr (Szkody et al. 2020, AJ 159, 198)",https://vizier.cds.unistra.fr/viz-bin/VizieR-3?-source=J/AJ/159/198/table1,"Szkody et al. (2020, AJ 159, 198)",ood_anomaly,VERIFIED,ZTF_COORDINATE_GROUNDED,"Outbursts=2, Max mag=14.3, Alt names=KP Cas,G",
CAND_CV_003,ZTF18abgopgb,16.766167,42.72,Cataclysmic_Variable,catalog_photometric,"Cataclysmic Variables in ZTF 1st-yr (Szkody et al. 2020, AJ 159, 198)",https://vizier.cds.unistra.fr/viz-bin/VizieR-3?-source=J/AJ/159/198/table1,"Szkody et al. (2020, AJ 159, 198)",ood_anomaly,VERIFIED,ZTF_COORDINATE_GROUNDED,"Outbursts=SOB, Max mag=15.5, Alt names=IZ And,AT2018akr,G",
CAND_CV_004,ZTF17aaawpsz,33.314542,53.639667,Cataclysmic_Variable,catalog_photometric,"Cataclysmic Variables in ZTF 1st-yr (Szkody et al. 2020, AJ 159, 198)",https://vizier.cds.unistra.fr/viz-bin/VizieR-3?-source=J/AJ/159/198/table1,"Szkody et al. (2020, AJ 159, 198)",ood_anomaly,VERIFIED,ZTF_COORDINATE_GROUNDED,"Outbursts=2, Max mag=16.8, Alt names=MOT,Gx,Atel5536,K,G",
CAND_CV_005,ZTF18acgplgw,42.500833,37.656139,Cataclysmic_Variable,catalog_photometric,"Cataclysmic Variables in ZTF 1st-yr (Szkody et al. 2020, AJ 159, 198)",https://vizier.cds.unistra.fr/viz-bin/VizieR-3?-source=J/AJ/159/198/table1,"Szkody et al. (2020, AJ 159, 198)",ood_anomaly,VERIFIED,ZTF_COORDINATE_GROUNDED,"Outbursts=4, Max mag=14.3, Alt names=PY Per,G",
CAND_CV_006,ZTF18aabeymw,50.063708,44.183083,Cataclysmic_Variable,catalog_photometric,"Cataclysmic Variables in ZTF 1st-yr (Szkody et al. 2020, AJ 159, 198)",https://vizier.cds.unistra.fr/viz-bin/VizieR-3?-source=J/AJ/159/198/table1,"Szkody et al. (2020, AJ 159, 198)",ood_anomaly,VERIFIED,ZTF_COORDINATE_GROUNDED,"Outbursts=SOB, Max mag=15.3, Alt names=USNO,K,G",
CAND_CV_007,ZTF18abtmzoi,61.74925,0.878806,Cataclysmic_Variable,catalog_photometric,"Cataclysmic Variables in ZTF 1st-yr (Szkody et al. 2020, AJ 159, 198)",https://vizier.cds.unistra.fr/viz-bin/VizieR-3?-source=J/AJ/159/198/table1,"Szkody et al. (2020, AJ 159, 198)",ood_anomaly,VERIFIED,ZTF_COORDINATE_GROUNDED,"Outbursts=1, Max mag=15.4, Alt names=CBET1463,G",
CAND_CV_008,ZTF17aaaslud,62.145792,51.246694,Cataclysmic_Variable,catalog_photometric,"Cataclysmic Variables in ZTF 1st-yr (Szkody et al. 2020, AJ 159, 198)",https://vizier.cds.unistra.fr/viz-bin/VizieR-3?-source=J/AJ/159/198/table1,"Szkody et al. (2020, AJ 159, 198)",ood_anomaly,VERIFIED,ZTF_COORDINATE_GROUNDED,"Outbursts=6, Max mag=13.7, Alt names=FO Per,G",
CAND_CV_009,ZTF17aaarlrs,62.300708,48.368389,Cataclysmic_Variable,catalog_photometric,"Cataclysmic Variables in ZTF 1st-yr (Szkody et al. 2020, AJ 159, 198)",https://vizier.cds.unistra.fr/viz-bin/VizieR-3?-source=J/AJ/159/198/table1,"Szkody et al. (2020, AJ 159, 198)",ood_anomaly,VERIFIED,ZTF_COORDINATE_GROUNDED,"Outbursts=11, Max mag=16.2, Alt names=MY Per",
CAND_CV_010,ZTF18abscxct,65.887125,74.880611,Cataclysmic_Variable,catalog_photometric,"Cataclysmic Variables in ZTF 1st-yr (Szkody et al. 2020, AJ 159, 198)",https://vizier.cds.unistra.fr/viz-bin/VizieR-3?-source=J/AJ/159/198/table1,"Szkody et al. (2020, AJ 159, 198)",ood_anomaly,VERIFIED,ZTF_COORDINATE_GROUNDED,"Outbursts=SOB, Max mag=13.3, Alt names=HamburgSurvey,G",
CAND_CV_011,ZTF17aaacdos,73.320333,38.274556,Cataclysmic_Variable,catalog_photometric,"Cataclysmic Variables in ZTF 1st-yr (Szkody et al. 2020, AJ 159, 198)",https://vizier.cds.unistra.fr/viz-bin/VizieR-3?-source=J/AJ/159/198/table1,"Szkody et al. (2020, AJ 159, 198)",ood_anomaly,VERIFIED,ZTF_COORDINATE_GROUNDED,"Outbursts=7, Max mag=15.0, Alt names=HV Aur,G",
CAND_CV_012,ZTF17aacucfy,75.350625,20.63825,Cataclysmic_Variable,catalog_photometric,"Cataclysmic Variables in ZTF 1st-yr (Szkody et al. 2020, AJ 159, 198)",https://vizier.cds.unistra.fr/viz-bin/VizieR-3?-source=J/AJ/159/198/table1,"Szkody et al. (2020, AJ 159, 198)",ood_anomaly,VERIFIED,ZTF_COORDINATE_GROUNDED,"Outbursts=5, Max mag=15.8, Alt names=ATel2266,G",
CAND_CV_013,ZTF17aaavfwx,76.554667,-4.135472,Cataclysmic_Variable,catalog_photometric,"Cataclysmic Variables in ZTF 1st-yr (Szkody et al. 2020, AJ 159, 198)",https://vizier.cds.unistra.fr/viz-bin/VizieR-3?-source=J/AJ/159/198/table1,"Szkody et al. (2020, AJ 159, 198)",ood_anomaly,VERIFIED,ZTF_COORDINATE_GROUNDED,"Outbursts=2, Max mag=13.3, Alt names=AQ Eri,G",
CAND_CV_014,ZTF17aadaxwu,86.951583,28.586361,Cataclysmic_Variable,catalog_photometric,"Cataclysmic Variables in ZTF 1st-yr (Szkody et al. 2020, AJ 159, 198)",https://vizier.cds.unistra.fr/viz-bin/VizieR-3?-source=J/AJ/159/198/table1,"Szkody et al. (2020, AJ 159, 198)",ood_anomaly,VERIFIED,ZTF_COORDINATE_GROUNDED,"Outbursts=1, Max mag=14.1, Alt names=FS Aur,G",
CAND_CV_015,ZTF18abwsres,89.6895,39.259167,Cataclysmic_Variable,catalog_photometric,"Cataclysmic Variables in ZTF 1st-yr (Szkody et al. 2020, AJ 159, 198)",https://vizier.cds.unistra.fr/viz-bin/VizieR-3?-source=J/AJ/159/198/table1,"Szkody et al. (2020, AJ 159, 198)",ood_anomaly,VERIFIED,ZTF_COORDINATE_GROUNDED,"Outbursts=SOB,1, Max mag=14.2, Alt names=USNO,AT2016ggz,K,G",
CAND_FieldStar_001,Gaia_DR3_2028862462418379264,297.984536,29.788558,Unclassified Field Star,unclassified,"Gaia Data Release 3 (Gaia Collaboration 2022, I/355)",https://vizier.cds.unistra.fr/viz-bin/VizieR-S?Gaia%20DR3%202028862462418379264,Gaia DR3 (I/355/gaiadr3),control,VERIFIED,ZTF_FIELD_GROUNDED,"ZTF Field 686 reference star, RUWE=1.078, VarFlag=NOT_AVAILABLE",
CAND_FieldStar_002,Gaia_DR3_2028862462419331200,297.983199,29.789977,Unclassified Field Star,unclassified,"Gaia Data Release 3 (Gaia Collaboration 2022, I/355)",https://vizier.cds.unistra.fr/viz-bin/VizieR-S?Gaia%20DR3%202028862462419331200,Gaia DR3 (I/355/gaiadr3),control,VERIFIED,ZTF_FIELD_GROUNDED,"ZTF Field 686 reference star, RUWE=1.015, VarFlag=NOT_AVAILABLE",
CAND_FieldStar_003,Gaia_DR3_2028862462419332224,297.981344,29.791348,Unclassified Field Star,unclassified,"Gaia Data Release 3 (Gaia Collaboration 2022, I/355)",https://vizier.cds.unistra.fr/viz-bin/VizieR-S?Gaia%20DR3%202028862462419332224,Gaia DR3 (I/355/gaiadr3),control,VERIFIED,ZTF_FIELD_GROUNDED,"ZTF Field 686 reference star, RUWE=1.071, VarFlag=NOT_AVAILABLE",
CAND_FieldStar_004,Gaia_DR3_2028862462419332608,297.978338,29.791593,Unclassified Field Star,unclassified,"Gaia Data Release 3 (Gaia Collaboration 2022, I/355)",https://vizier.cds.unistra.fr/viz-bin/VizieR-S?Gaia%20DR3%202028862462419332608,Gaia DR3 (I/355/gaiadr3),control,VERIFIED,ZTF_FIELD_GROUNDED,"ZTF Field 686 reference star, RUWE=1.028, VarFlag=NOT_AVAILABLE",
CAND_FieldStar_005,Gaia_DR3_2028862462419639552,297.986852,29.790903,Unclassified Field Star,unclassified,"Gaia Data Release 3 (Gaia Collaboration 2022, I/355)",https://vizier.cds.unistra.fr/viz-bin/VizieR-S?Gaia%20DR3%202028862462419639552,Gaia DR3 (I/355/gaiadr3),control,VERIFIED,ZTF_FIELD_GROUNDED,"ZTF Field 686 reference star, RUWE=1.116, VarFlag=NOT_AVAILABLE",
CAND_FieldStar_006,Gaia_DR3_2028862462419639936,297.985245,29.792492,Unclassified Field Star,unclassified,"Gaia Data Release 3 (Gaia Collaboration 2022, I/355)",https://vizier.cds.unistra.fr/viz-bin/VizieR-S?Gaia%20DR3%202028862462419639936,Gaia DR3 (I/355/gaiadr3),control,VERIFIED,ZTF_FIELD_GROUNDED,"ZTF Field 686 reference star, RUWE=1.068, VarFlag=NOT_AVAILABLE",
CAND_FieldStar_007,Gaia_DR3_2028862462419640320,297.983636,29.793249,Unclassified Field Star,unclassified,"Gaia Data Release 3 (Gaia Collaboration 2022, I/355)",https://vizier.cds.unistra.fr/viz-bin/VizieR-S?Gaia%20DR3%202028862462419640320,Gaia DR3 (I/355/gaiadr3),control,VERIFIED,ZTF_FIELD_GROUNDED,"ZTF Field 686 reference star, RUWE=, VarFlag=NOT_AVAILABLE",
CAND_FieldStar_008,Gaia_DR3_2028862462420189056,297.981101,29.793737,Unclassified Field Star,unclassified,"Gaia Data Release 3 (Gaia Collaboration 2022, I/355)",https://vizier.cds.unistra.fr/viz-bin/VizieR-S?Gaia%20DR3%202028862462420189056,Gaia DR3 (I/355/gaiadr3),control,VERIFIED,ZTF_FIELD_GROUNDED,"ZTF Field 686 reference star, RUWE=1.027, VarFlag=NOT_AVAILABLE",
CAND_FieldStar_009,Gaia_DR3_2028862462420189696,297.980043,29.791449,Unclassified Field Star,unclassified,"Gaia Data Release 3 (Gaia Collaboration 2022, I/355)",https://vizier.cds.unistra.fr/viz-bin/VizieR-S?Gaia%20DR3%202028862462420189696,Gaia DR3 (I/355/gaiadr3),control,VERIFIED,ZTF_FIELD_GROUNDED,"ZTF Field 686 reference star, RUWE=1.062, VarFlag=NOT_AVAILABLE",
CAND_FieldStar_010,Gaia_DR3_2028862462420291072,297.981885,29.794846,Unclassified Field Star,unclassified,"Gaia Data Release 3 (Gaia Collaboration 2022, I/355)",https://vizier.cds.unistra.fr/viz-bin/VizieR-S?Gaia%20DR3%202028862462420291072,Gaia DR3 (I/355/gaiadr3),control,VERIFIED,ZTF_FIELD_GROUNDED,"ZTF Field 686 reference star, RUWE=, VarFlag=NOT_AVAILABLE",
CAND_FieldStar_011,Gaia_DR3_2028862462433019392,297.984781,29.788171,Unclassified Field Star,unclassified,"Gaia Data Release 3 (Gaia Collaboration 2022, I/355)",https://vizier.cds.unistra.fr/viz-bin/VizieR-S?Gaia%20DR3%202028862462433019392,Gaia DR3 (I/355/gaiadr3),control,VERIFIED,ZTF_FIELD_GROUNDED,"ZTF Field 686 reference star, RUWE=0.984, VarFlag=NOT_AVAILABLE",
CAND_FieldStar_012,Gaia_DR3_2028862526809724672,297.97281,29.791905,Unclassified Field Star,unclassified,"Gaia Data Release 3 (Gaia Collaboration 2022, I/355)",https://vizier.cds.unistra.fr/viz-bin/VizieR-S?Gaia%20DR3%202028862526809724672,Gaia DR3 (I/355/gaiadr3),control,VERIFIED,ZTF_FIELD_GROUNDED,"ZTF Field 686 reference star, RUWE=4.602, VarFlag=NOT_AVAILABLE",
CAND_FieldStar_013,Gaia_DR3_2028862526809724928,297.978322,29.792763,Unclassified Field Star,unclassified,"Gaia Data Release 3 (Gaia Collaboration 2022, I/355)",https://vizier.cds.unistra.fr/viz-bin/VizieR-S?Gaia%20DR3%202028862526809724928,Gaia DR3 (I/355/gaiadr3),control,VERIFIED,ZTF_FIELD_GROUNDED,"ZTF Field 686 reference star, RUWE=1.051, VarFlag=NOT_AVAILABLE",
CAND_FieldStar_014,Gaia_DR3_2028862526809725568,297.964696,29.793332,Unclassified Field Star,unclassified,"Gaia Data Release 3 (Gaia Collaboration 2022, I/355)",https://vizier.cds.unistra.fr/viz-bin/VizieR-S?Gaia%20DR3%202028862526809725568,Gaia DR3 (I/355/gaiadr3),control,VERIFIED,ZTF_FIELD_GROUNDED,"ZTF Field 686 reference star, RUWE=0.969, VarFlag=NOT_AVAILABLE",
CAND_FieldStar_015,Gaia_DR3_2028862526809726336,297.965387,29.795009,Unclassified Field Star,unclassified,"Gaia Data Release 3 (Gaia Collaboration 2022, I/355)",https://vizier.cds.unistra.fr/viz-bin/VizieR-S?Gaia%20DR3%202028862526809726336,Gaia DR3 (I/355/gaiadr3),control,VERIFIED,ZTF_FIELD_GROUNDED,"ZTF Field 686 reference star, RUWE=1.083, VarFlag=NOT_AVAILABLE",
REJ_UNCONFIRMED_001,ZTF20acglhmi,316.292792,-9.544889,Unclassified,unclassified,None,http://sites.astro.caltech.edu/ztf/bts/explorer.php?format=html&name=ZTF20acglhmi,ZTF Bright Transient Survey (BTS),rejected,UNVERIFIED,ZTF_COORDINATE_GROUNDED,Peak mag: 18.8811,Classification unconfirmed: BTS entry has type='-' with no spectroscopic confirmation
REJ_UNCONFIRMED_002,ZTF18acxgqij,345.657208,41.091861,Unclassified,unclassified,None,http://sites.astro.caltech.edu/ztf/bts/explorer.php?format=html&name=ZTF18acxgqij,ZTF Bright Transient Survey (BTS),rejected,UNVERIFIED,ZTF_COORDINATE_GROUNDED,Peak mag: 18.5201,Classification unconfirmed: BTS entry has type='-' with no spectroscopic confirmation
REJ_UNCONFIRMED_003,ZTF18aarcchg,175.96675,22.499528,Unclassified,unclassified,None,http://sites.astro.caltech.edu/ztf/bts/explorer.php?format=html&name=ZTF18aarcchg,ZTF Bright Transient Survey (BTS),rejected,UNVERIFIED,ZTF_COORDINATE_GROUNDED,Peak mag: 18.1347,Classification unconfirmed: BTS entry has type='-' with no spectroscopic confirmation
REJ_UNCONFIRMED_004,ZTF18aarbixk,149.754542,29.358833,Unclassified,unclassified,None,http://sites.astro.caltech.edu/ztf/bts/explorer.php?format=html&name=ZTF18aarbixk,ZTF Bright Transient Survey (BTS),rejected,UNVERIFIED,ZTF_COORDINATE_GROUNDED,Peak mag: 18.1267,Classification unconfirmed: BTS entry has type='-' with no spectroscopic confirmation
REJ_UNCONFIRMED_005,ZTF18aabdjmb,178.093583,43.958917,Unclassified,unclassified,None,http://sites.astro.caltech.edu/ztf/bts/explorer.php?format=html&name=ZTF18aabdjmb,ZTF Bright Transient Survey (BTS),rejected,UNVERIFIED,ZTF_COORDINATE_GROUNDED,Peak mag: 18.8799,Classification unconfirmed: BTS entry has type='-' with no spectroscopic confirmation
REJ_PILOT_001,ZTF19aacgslb,157.3415,29.51067,SN Ia,spectroscopic,IAU TNS / ZTF BTS / Gaia DR3,Historical exploratory transfer-pilot reference: SN_2019np,ACEI Transfer Pilot,rejected,VERIFIED,ZTF_COORDINATE_GROUNDED,Pilot Object ID: SN_2019np,Excluded from benchmark: isolated exploratory transfer-pilot object
REJ_PILOT_002,ZTF20aaynrrh,185.46033,4.48168,SN IIP,spectroscopic,IAU TNS / ZTF BTS / Gaia DR3,Historical exploratory transfer-pilot reference: SN_2020jfo,ACEI Transfer Pilot,rejected,VERIFIED,ZTF_COORDINATE_GROUNDED,Pilot Object ID: SN_2020jfo,Excluded from benchmark: isolated exploratory transfer-pilot object
REJ_PILOT_003,ZTF18abukavn,244.00092,22.26803,FBOT,spectroscopic,IAU TNS / ZTF BTS / Gaia DR3,Historical exploratory transfer-pilot reference: AT_2018cow,ACEI Transfer Pilot,rejected,VERIFIED,ZTF_COORDINATE_GROUNDED,Pilot Object ID: AT_2018cow,Excluded from benchmark: isolated exploratory transfer-pilot object
REJ_PILOT_004,ZTF18aarkpda,94.51325,78.36692,SN II-P,spectroscopic,IAU TNS / ZTF BTS / Gaia DR3,Historical exploratory transfer-pilot reference: SN_2018zd,ACEI Transfer Pilot,rejected,VERIFIED,ZTF_COORDINATE_GROUNDED,Pilot Object ID: SN_2018zd,Excluded from benchmark: isolated exploratory transfer-pilot object
REJ_PILOT_005,Field686_Star,298.00252,29.87149,Unclassified Field Star,unclassified,IAU TNS / ZTF BTS / Gaia DR3,Historical exploratory transfer-pilot reference: ZTF_J195200.60+295217.4,ACEI Transfer Pilot,rejected,VERIFIED,ZTF_COORDINATE_GROUNDED,Pilot Object ID: ZTF_J195200.60+295217.4,Excluded from benchmark: isolated exploratory transfer-pilot object
