candidate_id,ztf_designation,astrophysical_class,population_family,dataset_role,dataset_split,candidate_role,is_anomaly_ground_truth,ra,dec,crossmatch_separation_arcsec,valid_token_count,padding_fraction,available_filters,missing_filters,partial_filter_coverage,baseline_days,raw_observation_count,clean_observation_count,window_observation_count,matched_oids,retrieval_status,coverage_status,class_authority,class_reference,classification_status,discovery_source,provenance_status,raw_data_path,preprocessing_data_version,provenance_hash
CAND_CV_001,ZTF17aaaemzh,Cataclysmic_Variable,Cataclysmic_Variable,test_benchmark,test_anomaly,ood_anomaly,1,3.909458,26.615694,0.2338,50,0.0,"zg,zi,zr",,False,2704.8134,2723,2311,160,"{""zg"": ""600109300011741"", ""zr"": ""600209300005158"", ""zi"": ""600309300004821""}",SUCCESS,COVERAGE_SUFFICIENT,"Cataclysmic Variables in ZTF 1st-yr (Szkody et al. 2020, AJ 159, 198)",https://vizier.cds.unistra.fr/viz-bin/VizieR-3?-source=J/AJ/159/198/table1,catalog_photometric,"Szkody et al. (2020, AJ 159, 198)",VERIFIED,data/real_ztf_benchmark/raw/CAND_CV_001/raw_irsa.csv,1.0.0,98f1db729f868b548be26d7d592ec38d7a2896e1f205e25dc2b130ea1bbefdf7
CAND_CV_002,ZTF18abdlywu,Cataclysmic_Variable,Cataclysmic_Variable,test_benchmark,test_anomaly,ood_anomaly,1,9.728458,61.216722,0.2006,50,0.0,"zg,zi,zr",,False,2713.8134,2123,1593,74,"{""zg"": ""806106100024617"", ""zr"": ""806206100032359"", ""zi"": ""806306100046192""}",SUCCESS,COVERAGE_SUFFICIENT,"Cataclysmic Variables in ZTF 1st-yr (Szkody et al. 2020, AJ 159, 198)",https://vizier.cds.unistra.fr/viz-bin/VizieR-3?-source=J/AJ/159/198/table1,catalog_photometric,"Szkody et al. (2020, AJ 159, 198)",VERIFIED,data/real_ztf_benchmark/raw/CAND_CV_002/raw_irsa.csv,1.0.0,d73450d8a1046b3641145e6573557cdca21608a283cc9e9108b724ea78329238
CAND_CV_003,ZTF18abgopgb,Cataclysmic_Variable,Cataclysmic_Variable,test_benchmark,test_anomaly,ood_anomaly,1,16.766167,42.72,0.1763,30,0.4,"zg,zi,zr",,False,2699.8498,4353,2163,30,"{""zg"": ""695113400003851"", ""zr"": ""695213400006804"", ""zi"": ""695313400006940""}",SUCCESS,COVERAGE_SUFFICIENT,"Cataclysmic Variables in ZTF 1st-yr (Szkody et al. 2020, AJ 159, 198)",https://vizier.cds.unistra.fr/viz-bin/VizieR-3?-source=J/AJ/159/198/table1,catalog_photometric,"Szkody et al. (2020, AJ 159, 198)",VERIFIED,data/real_ztf_benchmark/raw/CAND_CV_003/raw_irsa.csv,1.0.0,4ac6b070d88eb50feb8d80745964e1fb045b179e1f8e9377c63a0c025315de42
CAND_CV_005,ZTF18acgplgw,Cataclysmic_Variable,Cataclysmic_Variable,test_benchmark,test_anomaly,ood_anomaly,1,42.500833,37.656139,0.6295,50,0.0,"zg,zi,zr",,False,2745.3366,951,600,57,"{""zg"": ""699104100009021"", ""zr"": ""699204100013353"", ""zi"": ""1697312400018738""}",SUCCESS,COVERAGE_SUFFICIENT,"Cataclysmic Variables in ZTF 1st-yr (Szkody et al. 2020, AJ 159, 198)",https://vizier.cds.unistra.fr/viz-bin/VizieR-3?-source=J/AJ/159/198/table1,catalog_photometric,"Szkody et al. (2020, AJ 159, 198)",VERIFIED,data/real_ztf_benchmark/raw/CAND_CV_005/raw_irsa.csv,1.0.0,d863ed02d3014df9ce2f787c7f5b5c25768294da25c14aaebb53329d2d4cacab
CAND_CV_006,ZTF18aabeymw,Cataclysmic_Variable,Cataclysmic_Variable,test_benchmark,test_anomaly,ood_anomaly,1,50.063708,44.183083,0.1875,48,0.04,"zg,zr",zi,True,2744.2851,3435,1512,52,"{""zg"": ""741103300022898"", ""zr"": ""741203300027731""}",SUCCESS,COVERAGE_SUFFICIENT,"Cataclysmic Variables in ZTF 1st-yr (Szkody et al. 2020, AJ 159, 198)",https://vizier.cds.unistra.fr/viz-bin/VizieR-3?-source=J/AJ/159/198/table1,catalog_photometric,"Szkody et al. (2020, AJ 159, 198)",VERIFIED,data/real_ztf_benchmark/raw/CAND_CV_006/raw_irsa.csv,1.0.0,c651e2963d454dce5dc6c67e7017cecf48f4e69ee1d124437c5c17bc22b82a44
CAND_CV_007,ZTF18abtmzoi,Cataclysmic_Variable,Cataclysmic_Variable,test_benchmark,test_anomaly,ood_anomaly,1,61.74925,0.878806,0.2071,50,0.0,"zg,zi,zr",,False,2762.2373,1911,984,88,"{""zg"": ""405116200000779"", ""zr"": ""405216200006872"", ""zi"": ""405316200001211""}",SUCCESS,COVERAGE_SUFFICIENT,"Cataclysmic Variables in ZTF 1st-yr (Szkody et al. 2020, AJ 159, 198)",https://vizier.cds.unistra.fr/viz-bin/VizieR-3?-source=J/AJ/159/198/table1,catalog_photometric,"Szkody et al. (2020, AJ 159, 198)",VERIFIED,data/real_ztf_benchmark/raw/CAND_CV_007/raw_irsa.csv,1.0.0,727156cade21363286db52b6a6db96739c0b2071ffb27931f681b99051cfd23f
CAND_CV_008,ZTF17aaaslud,Cataclysmic_Variable,Cataclysmic_Variable,test_benchmark,test_anomaly,ood_anomaly,1,62.145792,51.246694,0.1739,46,0.08,"zg,zi,zr",,False,2762.2021,3177,1528,46,"{""zg"": ""742115100018760"", ""zr"": ""742215100004525"", ""zi"": ""742315100030701""}",SUCCESS,COVERAGE_SUFFICIENT,"Cataclysmic Variables in ZTF 1st-yr (Szkody et al. 2020, AJ 159, 198)",https://vizier.cds.unistra.fr/viz-bin/VizieR-3?-source=J/AJ/159/198/table1,catalog_photometric,"Szkody et al. (2020, AJ 159, 198)",VERIFIED,data/real_ztf_benchmark/raw/CAND_CV_008/raw_irsa.csv,1.0.0,8189c943dfa0e413f651c32e13962cc0d42c75fe2afe745942c1167a0d63f4f6
CAND_CV_009,ZTF17aaarlrs,Cataclysmic_Variable,Cataclysmic_Variable,test_benchmark,test_anomaly,ood_anomaly,1,62.300708,48.368389,0.7629,25,0.5,"zg,zi,zr",,False,2762.2021,1830,1525,59,"{""zg"": ""742111400025435"", ""zr"": ""742211400010565"", ""zi"": ""742311400039392""}",SUCCESS,COVERAGE_SUFFICIENT,"Cataclysmic Variables in ZTF 1st-yr (Szkody et al. 2020, AJ 159, 198)",https://vizier.cds.unistra.fr/viz-bin/VizieR-3?-source=J/AJ/159/198/table1,catalog_photometric,"Szkody et al. (2020, AJ 159, 198)",VERIFIED,data/real_ztf_benchmark/raw/CAND_CV_009/raw_irsa.csv,1.0.0,8880753f5eb34ffeba63364fa7f2c175e726c20365ae858d6be68274edc5a665
CAND_CV_010,ZTF18abscxct,Cataclysmic_Variable,Cataclysmic_Variable,test_benchmark,test_anomaly,ood_anomaly,1,65.887125,74.880611,0.1101,50,0.0,"zg,zr",zi,True,2739.2003,1494,1024,120,"{""zg"": ""856106400006426"", ""zr"": ""856206400025818""}",SUCCESS,COVERAGE_SUFFICIENT,"Cataclysmic Variables in ZTF 1st-yr (Szkody et al. 2020, AJ 159, 198)",https://vizier.cds.unistra.fr/viz-bin/VizieR-3?-source=J/AJ/159/198/table1,catalog_photometric,"Szkody et al. (2020, AJ 159, 198)",VERIFIED,data/real_ztf_benchmark/raw/CAND_CV_010/raw_irsa.csv,1.0.0,83803d24663705da8f962899e3b53a99925084a15f20c78492f6d4f0f6af4b04
CAND_CV_011,ZTF17aaacdos,Cataclysmic_Variable,Cataclysmic_Variable,test_benchmark,test_anomaly,ood_anomaly,1,73.320333,38.274556,0.1943,50,0.0,"zg,zi,zr",,False,2764.244,1327,1200,50,"{""zg"": ""702102100004184"", ""zr"": ""702202100026258"", ""zi"": ""702302100009693""}",SUCCESS,COVERAGE_SUFFICIENT,"Cataclysmic Variables in ZTF 1st-yr (Szkody et al. 2020, AJ 159, 198)",https://vizier.cds.unistra.fr/viz-bin/VizieR-3?-source=J/AJ/159/198/table1,catalog_photometric,"Szkody et al. (2020, AJ 159, 198)",VERIFIED,data/real_ztf_benchmark/raw/CAND_CV_011/raw_irsa.csv,1.0.0,56a4da516825b9b99a134afd7be97a3a1e0ca665d146df80db6ffa1003813c51
CAND_CV_012,ZTF17aacucfy,Cataclysmic_Variable,Cataclysmic_Variable,test_benchmark,test_anomaly,ood_anomaly,1,75.350625,20.63825,0.1993,49,0.02,"zg,zr",zi,True,2637.8915,1088,949,49,"{""zg"": ""560110100001079"", ""zr"": ""560210100001776""}",SUCCESS,COVERAGE_SUFFICIENT,"Cataclysmic Variables in ZTF 1st-yr (Szkody et al. 2020, AJ 159, 198)",https://vizier.cds.unistra.fr/viz-bin/VizieR-3?-source=J/AJ/159/198/table1,catalog_photometric,"Szkody et al. (2020, AJ 159, 198)",VERIFIED,data/real_ztf_benchmark/raw/CAND_CV_012/raw_irsa.csv,1.0.0,99e05720aea12f7f01d7b42261a63b686b845c843522902188cb42fab089619e
CAND_CV_013,ZTF17aaavfwx,Cataclysmic_Variable,Cataclysmic_Variable,test_benchmark,test_anomaly,ood_anomaly,1,76.554667,-4.135472,0.1115,50,0.0,"zg,zr",zi,True,2747.3306,885,649,50,"{""zg"": ""407108400003242"", ""zr"": ""407208400005878""}",SUCCESS,COVERAGE_SUFFICIENT,"Cataclysmic Variables in ZTF 1st-yr (Szkody et al. 2020, AJ 159, 198)",https://vizier.cds.unistra.fr/viz-bin/VizieR-3?-source=J/AJ/159/198/table1,catalog_photometric,"Szkody et al. (2020, AJ 159, 198)",VERIFIED,data/real_ztf_benchmark/raw/CAND_CV_013/raw_irsa.csv,1.0.0,e523d3246c6f97b481023ad2c214d2bff2a79aed9d4b5ef9166212883378fe92
CAND_CV_014,ZTF17aadaxwu,Cataclysmic_Variable,Cataclysmic_Variable,test_benchmark,test_anomaly,ood_anomaly,1,86.951583,28.586361,0.3273,46,0.08,"zg,zr",zi,True,2763.2704,603,450,46,"{""zg"": ""611113400008149"", ""zr"": ""1656206400005057""}",SUCCESS,COVERAGE_SUFFICIENT,"Cataclysmic Variables in ZTF 1st-yr (Szkody et al. 2020, AJ 159, 198)",https://vizier.cds.unistra.fr/viz-bin/VizieR-3?-source=J/AJ/159/198/table1,catalog_photometric,"Szkody et al. (2020, AJ 159, 198)",VERIFIED,data/real_ztf_benchmark/raw/CAND_CV_014/raw_irsa.csv,1.0.0,4b0d8ec0b8bbf45e309fd4d37c135904585eed9a524f2110907ef27298969603
CAND_FieldStar_001,Gaia_DR3_2028862462418379264,Unclassified Field Star,Unclassified_Field_Star,control,control_unclassified,control,-1,297.984536,29.788558,0.8645,50,0.0,"zg,zi,zr",,False,2764.5939,4174,1644,104,"{""zg"": ""686103400039276"", ""zr"": ""640216100003251"", ""zi"": ""640316100050667""}",SUCCESS,COVERAGE_SUFFICIENT,"Gaia Data Release 3 (Gaia Collaboration 2022, I/355)",https://vizier.cds.unistra.fr/viz-bin/VizieR-S?Gaia%20DR3%202028862462418379264,unclassified,Gaia DR3 (I/355/gaiadr3),VERIFIED,data/real_ztf_benchmark/raw/CAND_FieldStar_001/raw_irsa.csv,1.0.0,63d912d26dd5c970477fc22b3193f9564e85d51de8c2436b2df5238db2edb351
CAND_FieldStar_002,Gaia_DR3_2028862462419331200,Unclassified Field Star,Unclassified_Field_Star,control,control_unclassified,control,-1,297.983199,29.789977,0.3489,50,0.0,"zg,zi,zr",,False,2730.7662,2453,1173,143,"{""zg"": ""686103400039186"", ""zr"": ""686203400040047"", ""zi"": ""686303400041443""}",SUCCESS,COVERAGE_SUFFICIENT,"Gaia Data Release 3 (Gaia Collaboration 2022, I/355)",https://vizier.cds.unistra.fr/viz-bin/VizieR-S?Gaia%20DR3%202028862462419331200,unclassified,Gaia DR3 (I/355/gaiadr3),VERIFIED,data/real_ztf_benchmark/raw/CAND_FieldStar_002/raw_irsa.csv,1.0.0,b58f1f81861b48834cf3a775d966a6f25e73dd56229ff1887cee899cd0b47301
CAND_FieldStar_003,Gaia_DR3_2028862462419332224,Unclassified Field Star,Unclassified_Field_Star,control,control_unclassified,control,-1,297.981344,29.791348,0.1838,50,0.0,"zi,zr",zg,True,2730.6604,1214,689,4,"{""zr"": ""686203400039952"", ""zi"": ""686303400089074""}",SUCCESS,COVERAGE_SUFFICIENT,"Gaia Data Release 3 (Gaia Collaboration 2022, I/355)",https://vizier.cds.unistra.fr/viz-bin/VizieR-S?Gaia%20DR3%202028862462419332224,unclassified,Gaia DR3 (I/355/gaiadr3),VERIFIED,data/real_ztf_benchmark/raw/CAND_FieldStar_003/raw_irsa.csv,1.0.0,a4a5fed6ab3b736a9aeff6454cf5eafd7712a15411741d2c804356b5f64033ef
CAND_FieldStar_004,Gaia_DR3_2028862462419332608,Unclassified Field Star,Unclassified_Field_Star,control,control_unclassified,control,-1,297.978338,29.791593,0.6384,50,0.0,"zg,zi,zr",,False,2730.6832,1881,903,75,"{""zr"": ""686203400159643"", ""zi"": ""640316100129624"", ""zg"": ""686103400091695""}",SUCCESS,COVERAGE_SUFFICIENT,"Gaia Data Release 3 (Gaia Collaboration 2022, I/355)",https://vizier.cds.unistra.fr/viz-bin/VizieR-S?Gaia%20DR3%202028862462419332608,unclassified,Gaia DR3 (I/355/gaiadr3),VERIFIED,data/real_ztf_benchmark/raw/CAND_FieldStar_004/raw_irsa.csv,1.0.0,2b44e8eb664f23cb682d7f56d67b986f122e463bc2e5b00f207b3f140a708910
CAND_FieldStar_005,Gaia_DR3_2028862462419639552,Unclassified Field Star,Unclassified_Field_Star,control,control_unclassified,control,-1,297.986852,29.790903,0.207,40,0.2,"zi,zr",zg,True,2714.6869,1116,649,40,"{""zr"": ""686203400159654"", ""zi"": ""686303400128182""}",SUCCESS,COVERAGE_SUFFICIENT,"Gaia Data Release 3 (Gaia Collaboration 2022, I/355)",https://vizier.cds.unistra.fr/viz-bin/VizieR-S?Gaia%20DR3%202028862462419639552,unclassified,Gaia DR3 (I/355/gaiadr3),VERIFIED,data/real_ztf_benchmark/raw/CAND_FieldStar_005/raw_irsa.csv,1.0.0,cd8d7b2dc165a29fb9912b5f260893b30407fb88a7da1d502d4c7d9b011419c2
CAND_FieldStar_006,Gaia_DR3_2028862462419639936,Unclassified Field Star,Unclassified_Field_Star,control,control_unclassified,control,-1,297.985245,29.792492,0.1959,50,0.0,"zi,zr",zg,True,2718.7166,871,658,77,"{""zi"": ""686303400041277"", ""zr"": ""686203400039898""}",SUCCESS,COVERAGE_SUFFICIENT,"Gaia Data Release 3 (Gaia Collaboration 2022, I/355)",https://vizier.cds.unistra.fr/viz-bin/VizieR-S?Gaia%20DR3%202028862462419639936,unclassified,Gaia DR3 (I/355/gaiadr3),VERIFIED,data/real_ztf_benchmark/raw/CAND_FieldStar_006/raw_irsa.csv,1.0.0,1a500e516a538b57e4ee905d665ec186c3dc2fbfef7d26a03f104c8e7fecd5e4
CAND_FieldStar_007,Gaia_DR3_2028862462419640320,Unclassified Field Star,Unclassified_Field_Star,control,control_unclassified,control,-1,297.983636,29.793249,0.2109,22,0.56,"zi,zr",zg,True,2730.6604,792,498,22,"{""zr"": ""686203400082232"", ""zi"": ""686303400041177""}",SUCCESS,COVERAGE_SUFFICIENT,"Gaia Data Release 3 (Gaia Collaboration 2022, I/355)",https://vizier.cds.unistra.fr/viz-bin/VizieR-S?Gaia%20DR3%202028862462419640320,unclassified,Gaia DR3 (I/355/gaiadr3),VERIFIED,data/real_ztf_benchmark/raw/CAND_FieldStar_007/raw_irsa.csv,1.0.0,b1f1ffb73035764bf65768280afc9035e8b5c8154fd5cde90037ed4f637470ca
CAND_FieldStar_008,Gaia_DR3_2028862462420189056,Unclassified Field Star,Unclassified_Field_Star,control,control_unclassified,control,-1,297.981101,29.793737,0.2583,50,0.0,"zg,zi,zr",,False,2743.6586,3287,1508,79,"{""zg"": ""686103400038949"", ""zr"": ""686203400039810"", ""zi"": ""686303400041184""}",SUCCESS,COVERAGE_SUFFICIENT,"Gaia Data Release 3 (Gaia Collaboration 2022, I/355)",https://vizier.cds.unistra.fr/viz-bin/VizieR-S?Gaia%20DR3%202028862462420189056,unclassified,Gaia DR3 (I/355/gaiadr3),VERIFIED,data/real_ztf_benchmark/raw/CAND_FieldStar_008/raw_irsa.csv,1.0.0,fb88aa94c3e95df0bbd592150cc1997e02a9c0767a87cf58fc3766c6574261d5
CAND_FieldStar_009,Gaia_DR3_2028862462420189696,Unclassified Field Star,Unclassified_Field_Star,control,control_unclassified,control,-1,297.980043,29.791449,0.4142,50,0.0,"zg,zi,zr",,False,2730.6832,2287,1092,92,"{""zg"": ""640116100003587"", ""zr"": ""686203400039949"", ""zi"": ""686303400041333""}",SUCCESS,COVERAGE_SUFFICIENT,"Gaia Data Release 3 (Gaia Collaboration 2022, I/355)",https://vizier.cds.unistra.fr/viz-bin/VizieR-S?Gaia%20DR3%202028862462420189696,unclassified,Gaia DR3 (I/355/gaiadr3),VERIFIED,data/real_ztf_benchmark/raw/CAND_FieldStar_009/raw_irsa.csv,1.0.0,3f18db40f9e99c60cb01419a0fe7b04d9e75553c39b699634cd03e9435792d15
CAND_FieldStar_011,Gaia_DR3_2028862462433019392,Unclassified Field Star,Unclassified_Field_Star,control,control_unclassified,control,-1,297.984781,29.788171,0.7908,50,0.0,"zg,zi,zr",,False,2764.5939,4174,1644,105,"{""zg"": ""686103400039276"", ""zr"": ""640216100003251"", ""zi"": ""640316100050667""}",SUCCESS,COVERAGE_SUFFICIENT,"Gaia Data Release 3 (Gaia Collaboration 2022, I/355)",https://vizier.cds.unistra.fr/viz-bin/VizieR-S?Gaia%20DR3%202028862462433019392,unclassified,Gaia DR3 (I/355/gaiadr3),VERIFIED,data/real_ztf_benchmark/raw/CAND_FieldStar_011/raw_irsa.csv,1.0.0,88c6ebcf747103ce887eb000fc0a9e29521fa72dad62c4f70781b78bc1abb090
CAND_FieldStar_012,Gaia_DR3_2028862526809724672,Unclassified Field Star,Unclassified_Field_Star,control,control_unclassified,control,-1,297.97281,29.791905,0.1892,50,0.0,"zg,zi,zr",,False,2764.5939,4376,1700,151,"{""zg"": ""686103400039065"", ""zr"": ""640216100003073"", ""zi"": ""686303400041312""}",SUCCESS,COVERAGE_SUFFICIENT,"Gaia Data Release 3 (Gaia Collaboration 2022, I/355)",https://vizier.cds.unistra.fr/viz-bin/VizieR-S?Gaia%20DR3%202028862526809724672,unclassified,Gaia DR3 (I/355/gaiadr3),VERIFIED,data/real_ztf_benchmark/raw/CAND_FieldStar_012/raw_irsa.csv,1.0.0,5e03899f6331a430a50ea36048cda8436197bb524a328dcf36992bf53b35df39
CAND_FieldStar_013,Gaia_DR3_2028862526809724928,Unclassified Field Star,Unclassified_Field_Star,control,control_unclassified,control,-1,297.978322,29.792763,0.2531,50,0.0,"zg,zi,zr",,False,2764.5939,3724,1528,117,"{""zg"": ""686103400039013"", ""zr"": ""640216100003025"", ""zi"": ""686303400041255""}",SUCCESS,COVERAGE_SUFFICIENT,"Gaia Data Release 3 (Gaia Collaboration 2022, I/355)",https://vizier.cds.unistra.fr/viz-bin/VizieR-S?Gaia%20DR3%202028862526809724928,unclassified,Gaia DR3 (I/355/gaiadr3),VERIFIED,data/real_ztf_benchmark/raw/CAND_FieldStar_013/raw_irsa.csv,1.0.0,757a7d379120869e965c395a20d015ffb2b77f4d078e079ea9098ecdeb528c61
CAND_FieldStar_014,Gaia_DR3_2028862526809725568,Unclassified Field Star,Unclassified_Field_Star,control,control_unclassified,control,-1,297.964696,29.793332,0.1931,50,0.0,"zg,zi,zr",,False,2764.5939,4067,1637,88,"{""zg"": ""686103400038974"", ""zr"": ""640216100002990"", ""zi"": ""686303400088978""}",SUCCESS,COVERAGE_SUFFICIENT,"Gaia Data Release 3 (Gaia Collaboration 2022, I/355)",https://vizier.cds.unistra.fr/viz-bin/VizieR-S?Gaia%20DR3%202028862526809725568,unclassified,Gaia DR3 (I/355/gaiadr3),VERIFIED,data/real_ztf_benchmark/raw/CAND_FieldStar_014/raw_irsa.csv,1.0.0,5c02a7dc2bde9f1c177f23c1e29ee8b4ffadc037cb468f8094ef3e15f4d63971
CAND_FieldStar_015,Gaia_DR3_2028862526809726336,Unclassified Field Star,Unclassified_Field_Star,control,control_unclassified,control,-1,297.965387,29.795009,0.1557,50,0.0,"zg,zi,zr",,False,2764.5939,4213,1684,134,"{""zg"": ""686103400038879"", ""zr"": ""640216100002899"", ""zi"": ""686303400088896""}",SUCCESS,COVERAGE_SUFFICIENT,"Gaia Data Release 3 (Gaia Collaboration 2022, I/355)",https://vizier.cds.unistra.fr/viz-bin/VizieR-S?Gaia%20DR3%202028862526809726336,unclassified,Gaia DR3 (I/355/gaiadr3),VERIFIED,data/real_ztf_benchmark/raw/CAND_FieldStar_015/raw_irsa.csv,1.0.0,55b371cf8696d7f0068e9d3236f8fdf8323e6f8947e249b555372d0eb319c4e2
CAND_SLSN_002,ZTF18achdidy,SLSN-I,SLSN,test_benchmark,test_anomaly,ood_anomaly,1,170.910875,25.997722,0.2722,33,0.34,"zg,zr",zi,True,1303.7276,52,44,33,"{""zg"": ""623108100012760"", ""zr"": ""623208100016917""}",SUCCESS,COVERAGE_SUFFICIENT,IAU TNS / ZTF Bright Transient Survey (BTS) / Perley et al. 2020,https://www.wis-tns.org/object/2018jfo,spectroscopic,ZTF Bright Transient Survey (BTS),VERIFIED,data/real_ztf_benchmark/raw/CAND_SLSN_002/raw_irsa.csv,1.0.0,d505384aa7bc20dde4a9e2754bf40ad56191f40e50318753904ddf2d4ea2a39a
CAND_SLSN_005,ZTF18acyxnyw,SLSN-I,SLSN,test_benchmark,test_anomaly,ood_anomaly,1,186.984333,56.393194,0.3424,41,0.18,"zg,zi,zr",,False,2650.9641,1493,1420,80,"{""zg"": ""790112100001528"", ""zr"": ""790212100011207"", ""zi"": ""790312100011929""}",SUCCESS,COVERAGE_SUFFICIENT,IAU TNS / ZTF Bright Transient Survey (BTS) / Perley et al. 2020,https://www.wis-tns.org/object/2018kyt,spectroscopic,ZTF Bright Transient Survey (BTS),VERIFIED,data/real_ztf_benchmark/raw/CAND_SLSN_005/raw_irsa.csv,1.0.0,416375395a2f8d681abf72bd89fc50c2f6e5cdc6836fb4cb74f1237166c9d745
CAND_SLSN_007,ZTF19aafljiq,SLSN-II,SLSN,test_benchmark,test_anomaly,ood_anomaly,1,171.856708,19.397806,0.5511,36,0.28,"zg,zi,zr",,False,2602.9336,609,529,36,"{""zg"": ""574111300007538"", ""zr"": ""574211300027730"", ""zi"": ""574311300027033""}",SUCCESS,COVERAGE_SUFFICIENT,IAU TNS / ZTF Bright Transient Survey (BTS) / Perley et al. 2020,https://www.wis-tns.org/object/2019afz,spectroscopic,ZTF Bright Transient Survey (BTS),VERIFIED,data/real_ztf_benchmark/raw/CAND_SLSN_007/raw_irsa.csv,1.0.0,8ebc8ff49da985cd3ea92ac0e2960471fec4024bc3e907e131ba2cae6e27d0ce
CAND_SLSN_009,ZTF19aanesgt,SLSN-I,SLSN,test_benchmark,test_anomaly,ood_anomaly,1,124.474708,65.479583,0.3937,23,0.54,"zg,zr",zi,True,1766.0067,42,35,23,"{""zg"": ""815115100009406"", ""zr"": ""815215100009239""}",SUCCESS,COVERAGE_SUFFICIENT,IAU TNS / ZTF Bright Transient Survey (BTS) / Perley et al. 2020,https://www.wis-tns.org/object/2019cdt,spectroscopic,ZTF Bright Transient Survey (BTS),VERIFIED,data/real_ztf_benchmark/raw/CAND_SLSN_009/raw_irsa.csv,1.0.0,cb0fe41277ee7d8babc4803510852b68a1324afce907072420547193836976ba
CAND_SLSN_010,ZTF19aamrais,SLSN-II,SLSN,test_benchmark,test_anomaly,ood_anomaly,1,275.429375,30.992639,1.1565,50,0.0,"zg,zi,zr",,False,2770.7326,2729,2483,190,"{""zg"": ""683102200005351"", ""zr"": ""683202200008908"", ""zi"": ""683302200009498""}",SUCCESS,COVERAGE_SUFFICIENT,IAU TNS / ZTF Bright Transient Survey (BTS) / Perley et al. 2020,https://www.wis-tns.org/object/2019cqc,spectroscopic,ZTF Bright Transient Survey (BTS),VERIFIED,data/real_ztf_benchmark/raw/CAND_SLSN_010/raw_irsa.csv,1.0.0,c9b5668e105d4817fbac0f26b61fe69a79a3bb67cca002bbe3997a1875e9697d
CAND_SLSN_014,ZTF19aawfbtg,SLSN-I,SLSN,test_benchmark,test_anomaly,ood_anomaly,1,336.088333,24.788083,0.3917,33,0.34,"zg,zr",zi,True,722.102,70,69,33,"{""zg"": ""1642116400032525"", ""zr"": ""1642216400028194""}",SUCCESS,COVERAGE_SUFFICIENT,IAU TNS / ZTF Bright Transient Survey (BTS) / Perley et al. 2020,https://www.wis-tns.org/object/2019hge,spectroscopic,ZTF Bright Transient Survey (BTS),VERIFIED,data/real_ztf_benchmark/raw/CAND_SLSN_014/raw_irsa.csv,1.0.0,2d39b48901f632a42c441be27520660ce2ce3f3140123e241bee0c049e0c86b5
CAND_SLSN_016,ZTF19abpbopt,SLSN-I,SLSN,test_benchmark,test_anomaly,ood_anomaly,1,268.611417,47.26125,1.1589,46,0.08,"zg,zi,zr",,False,2727.6482,1958,207,46,"{""zg"": ""763105100014589"", ""zr"": ""763205100038185"", ""zi"": ""1763314100008488""}",SUCCESS,COVERAGE_SUFFICIENT,IAU TNS / ZTF Bright Transient Survey (BTS) / Perley et al. 2020,https://www.wis-tns.org/object/2019neq,spectroscopic,ZTF Bright Transient Survey (BTS),VERIFIED,data/real_ztf_benchmark/raw/CAND_SLSN_016/raw_irsa.csv,1.0.0,237dac188b35c203091933b0f71b7bf903957343d40d105f11c259ef080f19ed
CAND_SNII_001,ZTF18aapifti,SN IIP,SN_II,test_benchmark,test_known,in_distribution,0,177.017625,30.360056,0.7502,23,0.54,"zg,zi",zr,True,2556.0077,214,192,23,"{""zg"": ""671104300017164"", ""zi"": ""671304300031742""}",SUCCESS,COVERAGE_SUFFICIENT,IAU TNS / ZTF Bright Transient Survey (BTS),https://www.wis-tns.org/object/2018bdv,spectroscopic,ZTF Bright Transient Survey (BTS),VERIFIED,data/real_ztf_benchmark/raw/CAND_SNII_001/raw_irsa.csv,1.0.0,0d628bc0d3dd85a28ecfa4dc2d2619e8808251e33d427e6a9e73c4534763bb7f
CAND_SNII_002,ZTF18aaqkoyr,SN II,SN_II,test_benchmark,test_known,in_distribution,0,166.066667,50.030611,0.3418,36,0.28,"zg,zi",zr,True,1751.0198,48,40,36,"{""zg"": ""753115400011625"", ""zi"": ""753315400013103""}",SUCCESS,COVERAGE_SUFFICIENT,IAU TNS / ZTF Bright Transient Survey (BTS),https://www.wis-tns.org/object/2018bge,spectroscopic,ZTF Bright Transient Survey (BTS),VERIFIED,data/real_ztf_benchmark/raw/CAND_SNII_002/raw_irsa.csv,1.0.0,6f64390500d24cbeebcae6dcafc0ec58c70064cf551a0ff0a1a8f236901b9077
CAND_SNII_004,ZTF18aavqdyq,SN II,SN_II,test_benchmark,test_known,in_distribution,0,268.434583,40.75575,0.5255,50,0.0,"zg,zi,zr",,False,2673.7645,495,449,98,"{""zg"": ""725111300031397"", ""zi"": ""725311300030676"", ""zr"": ""1763202400029430""}",SUCCESS,COVERAGE_SUFFICIENT,IAU TNS / ZTF Bright Transient Survey (BTS),https://www.wis-tns.org/object/2018elk,spectroscopic,ZTF Bright Transient Survey (BTS),VERIFIED,data/real_ztf_benchmark/raw/CAND_SNII_004/raw_irsa.csv,1.0.0,d77207db986d610c715ffb8adf31d691a806856579cdaa93ee409cda8d183ce3
CAND_SNII_009,ZTF18abckutn,SN IIP,SN_II,test_benchmark,test_known,in_distribution,0,237.026875,55.714833,0.947,35,0.3,"zg,zi,zr",,False,2743.7237,620,387,61,"{""zg"": ""794110300023016"", ""zi"": ""794310300025864"", ""zr"": ""1828202100035899""}",SUCCESS,COVERAGE_SUFFICIENT,IAU TNS / ZTF Bright Transient Survey (BTS),https://www.wis-tns.org/object/2018cxn,spectroscopic,ZTF Bright Transient Survey (BTS),VERIFIED,data/real_ztf_benchmark/raw/CAND_SNII_009/raw_irsa.csv,1.0.0,a48fa9bc1b6f6f1b817fc57464635bfe931ea1f56eac488d1545d5f96914b185
CAND_SNII_010,ZTF18abcezmh,SN II,SN_II,test_benchmark,test_known,in_distribution,0,269.451833,40.076389,1.0814,31,0.38,"zg,zi,zr",,False,2733.736,2980,2707,31,"{""zg"": ""725107100027212"", ""zr"": ""725207100024190"", ""zi"": ""725307100036362""}",SUCCESS,COVERAGE_SUFFICIENT,IAU TNS / ZTF Bright Transient Survey (BTS),https://www.wis-tns.org/object/2018cyh,spectroscopic,ZTF Bright Transient Survey (BTS),VERIFIED,data/real_ztf_benchmark/raw/CAND_SNII_010/raw_irsa.csv,1.0.0,558fde7d0fe4c617461b4d98990940ffc4bd0e09150b16a45076808423d96d6e
CAND_SNII_013,ZTF18abcptmt,SN II,SN_II,test_benchmark,test_known,in_distribution,0,267.329875,49.412389,1.1915,50,0.0,"zg,zi,zr",,False,2770.6692,3120,2495,274,"{""zg"": ""763109200016717"", ""zr"": ""763209200024194"", ""zi"": ""763309200042557""}",SUCCESS,COVERAGE_SUFFICIENT,IAU TNS / ZTF Bright Transient Survey (BTS),https://www.wis-tns.org/object/2018cug,spectroscopic,ZTF Bright Transient Survey (BTS),VERIFIED,data/real_ztf_benchmark/raw/CAND_SNII_013/raw_irsa.csv,1.0.0,a056b17bd7a7085febb4d7362085f7a0417ec5d3bf21c166bdd884ebccf8bb36
CAND_SNII_018,ZTF18abeajml,SN II,SN_II,test_benchmark,test_known,in_distribution,0,252.032333,24.304083,1.1661,50,0.0,"zg,zr",zi,True,2749.7109,5759,2171,188,"{""zg"": ""634108300012163"", ""zr"": ""634208300027400""}",SUCCESS,COVERAGE_SUFFICIENT,IAU TNS / ZTF Bright Transient Survey (BTS),https://www.wis-tns.org/object/2018dfc,spectroscopic,ZTF Bright Transient Survey (BTS),VERIFIED,data/real_ztf_benchmark/raw/CAND_SNII_018/raw_irsa.csv,1.0.0,6f689d17e056b9efec68672cc6d20f09de131d48703b328a3521c6287888e249
CAND_SNII_020,ZTF18abffyqp,SN II,SN_II,test_benchmark,test_known,in_distribution,0,252.708667,45.397889,0.7997,50,0.0,"zg,zi,zr",,False,2320.7282,338,255,147,"{""zr"": ""762203100020850"", ""zi"": ""762303100024157"", ""zg"": ""1761109100013712""}",SUCCESS,COVERAGE_SUFFICIENT,IAU TNS / ZTF Bright Transient Survey (BTS),https://www.wis-tns.org/object/2018dfi,spectroscopic,ZTF Bright Transient Survey (BTS),VERIFIED,data/real_ztf_benchmark/raw/CAND_SNII_020/raw_irsa.csv,1.0.0,ba242e29f95541e63357643bd3c38f9b13fac865f4b28d438a5beee0fd695139
CAND_SNII_021,ZTF18abfzixe,SN IIP,SN_II,test_benchmark,test_known,in_distribution,0,240.491375,29.414889,0.2228,32,0.36,"zg,zi,zr",,False,2753.7311,2205,2032,32,"{""zg"": ""632115100002724"", ""zr"": ""632215100021442"", ""zi"": ""632315100021162""}",SUCCESS,COVERAGE_SUFFICIENT,IAU TNS / ZTF Bright Transient Survey (BTS),https://www.wis-tns.org/object/2018eam,spectroscopic,ZTF Bright Transient Survey (BTS),VERIFIED,data/real_ztf_benchmark/raw/CAND_SNII_021/raw_irsa.csv,1.0.0,e09b9da61639f25ea30f169aea33d1852d5a148f1d4271dc520e896daafc4879
CAND_SNII_022,ZTF18abgrbjb,SN IIb,SN_II,test_benchmark,test_known,in_distribution,0,274.998583,51.796472,0.8802,50,0.0,"zg,zi,zr",,False,2749.7511,1389,1259,274,"{""zg"": ""798104300018311"", ""zr"": ""798204300012865"", ""zi"": ""798304300014892""}",SUCCESS,COVERAGE_SUFFICIENT,IAU TNS / ZTF Bright Transient Survey (BTS),https://www.wis-tns.org/object/2018efd,spectroscopic,ZTF Bright Transient Survey (BTS),VERIFIED,data/real_ztf_benchmark/raw/CAND_SNII_022/raw_irsa.csv,1.0.0,1a99724009b5c64f3ea448243de5db05da1abba6f04cbbfa559087615cbe79c4
CAND_SNII_024,ZTF18abimhfu,SN II,SN_II,test_benchmark,test_known,in_distribution,0,240.14225,31.642944,0.6134,44,0.12,"zi,zr",zg,True,2238.9681,127,99,79,"{""zr"": ""679208400042291"", ""zi"": ""679308400018185""}",SUCCESS,COVERAGE_SUFFICIENT,IAU TNS / ZTF Bright Transient Survey (BTS),https://www.wis-tns.org/object/2018efj,spectroscopic,ZTF Bright Transient Survey (BTS),VERIFIED,data/real_ztf_benchmark/raw/CAND_SNII_024/raw_irsa.csv,1.0.0,509dfa8fcb6cbf3ebdd4242f70fa1bc9becded15b769329b0597a68f0000ef18
CAND_SNII_027,ZTF18abojpnr,SN IIb,SN_II,test_benchmark,test_known,in_distribution,0,297.487167,59.59275,1.045,50,0.0,"zg,zi,zr",,False,2746.6485,2539,1286,270,"{""zg"": ""828103200022523"", ""zr"": ""828203200024273"", ""zi"": ""828303200050545""}",SUCCESS,COVERAGE_SUFFICIENT,IAU TNS / ZTF Bright Transient Survey (BTS),https://www.wis-tns.org/object/2018fzn,spectroscopic,ZTF Bright Transient Survey (BTS),VERIFIED,data/real_ztf_benchmark/raw/CAND_SNII_027/raw_irsa.csv,1.0.0,75034be75ec7d710429489768418bca159c912a365c8d51f4e48584b2bfdf1c0
CAND_SNII_028,ZTF18abrlljc,SN IIP,SN_II,test_benchmark,test_known,in_distribution,0,253.184083,70.088222,1.2614,26,0.48,"zg,zr",zi,True,2764.8374,1006,869,72,"{""zg"": ""847110400022190"", ""zr"": ""1875202200031728""}",SUCCESS,COVERAGE_SUFFICIENT,IAU TNS / ZTF Bright Transient Survey (BTS),https://www.wis-tns.org/object/2018fso,spectroscopic,ZTF Bright Transient Survey (BTS),VERIFIED,data/real_ztf_benchmark/raw/CAND_SNII_028/raw_irsa.csv,1.0.0,886b891cae58cd8d341fa20383489225b3a7d458aa2c37b7c7b758f34d0520bf
CAND_SNII_030,ZTF18abqyvzy,SN II,SN_II,test_benchmark,test_known,in_distribution,0,359.928375,34.344417,0.8136,50,0.0,"zg,zi,zr",,False,2704.8144,2013,1629,135,"{""zg"": ""648111100015687"", ""zr"": ""648211100028029"", ""zi"": ""648311100027604""}",SUCCESS,COVERAGE_SUFFICIENT,IAU TNS / ZTF Bright Transient Survey (BTS),https://www.wis-tns.org/object/2018fpb,spectroscopic,ZTF Bright Transient Survey (BTS),VERIFIED,data/real_ztf_benchmark/raw/CAND_SNII_030/raw_irsa.csv,1.0.0,8dda995ca50150358f072987e9b703ac8202c6aea5b9638b5440f262b1cc31a5
CAND_SNII_036,ZTF18acbwaxk,SN II,SN_II,test_benchmark,test_known,in_distribution,0,186.550333,58.314111,0.2597,44,0.12,"zg,zi,zr",,False,619.7206,1448,768,85,"{""zg"": ""789113100013055"", ""zi"": ""789313100001860"", ""zr"": ""820204300022270""}",SUCCESS,COVERAGE_SUFFICIENT,IAU TNS / ZTF Bright Transient Survey (BTS),https://www.wis-tns.org/object/2018hna,spectroscopic,ZTF Bright Transient Survey (BTS),VERIFIED,data/real_ztf_benchmark/raw/CAND_SNII_036/raw_irsa.csv,1.0.0,cc697f57d8f4dea9eaac00cdc6c6108034214b883374cb8c781eb85ffac97798
CAND_SNIa_003,ZTF19acdgwhq,SN Ia,SN_Ia,test_benchmark,test_known,in_distribution,0,44.03525,15.213056,1.037,22,0.56,"zg,zr",zi,True,2554.9955,318,33,22,"{""zg"": ""556103400014407"", ""zr"": ""1551207100007208""}",SUCCESS,COVERAGE_SUFFICIENT,IAU TNS / ZTF Bright Transient Survey (BTS),https://www.wis-tns.org/object/2017gcd,spectroscopic,ZTF Bright Transient Survey (BTS),VERIFIED,data/real_ztf_benchmark/raw/CAND_SNIa_003/raw_irsa.csv,1.0.0,5832b0f09cc78f855494e517564846576cf579d72a8c8625caca91dafbf6ce3f
CAND_SNIa_004,ZTF18aajpjdi,SN Ia,SN_Ia,test_benchmark,test_known,in_distribution,0,199.527583,27.873389,0.823,50,0.0,"zg,zi,zr",,False,2654.9291,3755,1798,113,"{""zg"": ""626109100007992"", ""zr"": ""626209100000489"", ""zi"": ""626309100007809""}",SUCCESS,COVERAGE_SUFFICIENT,IAU TNS / ZTF Bright Transient Survey (BTS),https://www.wis-tns.org/object/2018bfx,spectroscopic,ZTF Bright Transient Survey (BTS),VERIFIED,data/real_ztf_benchmark/raw/CAND_SNIa_004/raw_irsa.csv,1.0.0,f7c097a675a213b819241b5c693fd9f4629ea6b75d27f15d6b289d3c65298887
CAND_SNIa_005,ZTF18aaqedfj,SN Ia,SN_Ia,test_benchmark,test_known,in_distribution,0,206.355042,26.424222,1.3628,50,0.0,"zg,zi,zr",,False,2656.8534,1507,1161,75,"{""zg"": ""627109300003375"", ""zr"": ""627209300005684"", ""zi"": ""627309300022202""}",SUCCESS,COVERAGE_SUFFICIENT,IAU TNS / ZTF Bright Transient Survey (BTS),https://www.wis-tns.org/object/2018bff,spectroscopic,ZTF Bright Transient Survey (BTS),VERIFIED,data/real_ztf_benchmark/raw/CAND_SNIa_005/raw_irsa.csv,1.0.0,fd134a418faf9834d80bd2423d9e8a1a6ac1b0097b3a536d7d76129993f87b70
CAND_SNIa_006,ZTF18aaqkqxi,SN Ia,SN_Ia,test_benchmark,test_known,in_distribution,0,167.969042,39.605056,0.3093,36,0.28,"zg,zi,zr",,False,2766.2351,1222,950,52,"{""zg"": ""713106100009806"", ""zr"": ""713206100028182"", ""zi"": ""713306100004826""}",SUCCESS,COVERAGE_SUFFICIENT,IAU TNS / ZTF Bright Transient Survey (BTS),https://www.wis-tns.org/object/2018bvx,spectroscopic,ZTF Bright Transient Survey (BTS),VERIFIED,data/real_ztf_benchmark/raw/CAND_SNIa_006/raw_irsa.csv,1.0.0,c64fb2edbb034a165fcc0e5a1f4e9e48b1eba55977bcc4b8438fb8a4d2a529c6
CAND_SNIa_007,ZTF18aarbgdn,SN Ia,SN_Ia,test_benchmark,test_known,in_distribution,0,155.671208,15.939083,1.3603,30,0.4,"zg,zi,zr",,False,2766.2523,2330,921,30,"{""zg"": ""571101400009950"", ""zr"": ""571201400008513"", ""zi"": ""572304300000809""}",SUCCESS,COVERAGE_SUFFICIENT,IAU TNS / ZTF Bright Transient Survey (BTS),https://www.wis-tns.org/object/2018bfh,spectroscopic,ZTF Bright Transient Survey (BTS),VERIFIED,data/real_ztf_benchmark/raw/CAND_SNIa_007/raw_irsa.csv,1.0.0,cec478d917086b2f85be39a0414a72d9777aa655816154e0dfeece18fdd06510
CAND_SNIa_008,ZTF18aarcypa,SN Ia,SN_Ia,test_benchmark,test_known,in_distribution,0,167.459333,28.971361,0.8064,35,0.3,"zg,zi,zr",,False,2765.3116,1074,856,35,"{""zg"": ""622114400012812"", ""zr"": ""622214400000475"", ""zi"": ""622314400012678""}",SUCCESS,COVERAGE_SUFFICIENT,IAU TNS / ZTF Bright Transient Survey (BTS),https://www.wis-tns.org/object/2018bil,spectroscopic,ZTF Bright Transient Survey (BTS),VERIFIED,data/real_ztf_benchmark/raw/CAND_SNIa_008/raw_irsa.csv,1.0.0,6b5f7af5820b1dbb311d8d7c3e9eeddcbffcf94ef6e4d9de6c56d215c9426f42
CAND_SNIa_011,ZTF18aaqqhis,SN Ia,SN_Ia,test_benchmark,test_known,in_distribution,0,155.759958,45.7025,0.3414,50,0.0,"zg,zi,zr",,False,2621.9919,2128,1807,78,"{""zg"": ""752103200000192"", ""zr"": ""752203200000238"", ""zi"": ""752303200012557""}",SUCCESS,COVERAGE_SUFFICIENT,IAU TNS / ZTF Bright Transient Survey (BTS),https://www.wis-tns.org/object/2018ccy,spectroscopic,ZTF Bright Transient Survey (BTS),VERIFIED,data/real_ztf_benchmark/raw/CAND_SNIa_011/raw_irsa.csv,1.0.0,de77b9782fbd1287c4aa7614b6af50043c7a376518f2c8513697136b8a138680
CAND_SNIa_013,ZTF18aauizcr,SN Ia,SN_Ia,test_benchmark,test_known,in_distribution,0,173.616125,46.362611,0.4559,28,0.44,"zg,zi",zr,True,2383.2853,50,40,28,"{""zg"": ""754107300006565"", ""zi"": ""754307300028690""}",SUCCESS,COVERAGE_SUFFICIENT,IAU TNS / ZTF Bright Transient Survey (BTS),https://www.wis-tns.org/object/2018btb,spectroscopic,ZTF Bright Transient Survey (BTS),VERIFIED,data/real_ztf_benchmark/raw/CAND_SNIa_013/raw_irsa.csv,1.0.0,bcefce2a6704ab5aad2eef96a6ffc54fa529f8962dda0ef866fc032cc45b1b63
CAND_SNIa_015,ZTF18aaqcqvr,SN Ia,SN_Ia,test_benchmark,test_known,in_distribution,0,193.85275,45.578389,1.3306,50,0.0,"zg,zi,zr",,False,2647.9922,2067,943,139,"{""zg"": ""756103100004936"", ""zr"": ""756203100012289"", ""zi"": ""756303100015495""}",SUCCESS,COVERAGE_SUFFICIENT,IAU TNS / ZTF Bright Transient Survey (BTS),https://www.wis-tns.org/object/2018bvg,spectroscopic,ZTF Bright Transient Survey (BTS),VERIFIED,data/real_ztf_benchmark/raw/CAND_SNIa_015/raw_irsa.csv,1.0.0,96d5d9422e9a6172ea69568b575a4b2480edb08ab092b8d44363e3bf97eb7a56
CAND_SNIa_022,ZTF18aaxcfbt,SN Ia,SN_Ia,test_benchmark,test_known,in_distribution,0,164.612875,51.695806,1.1177,43,0.14,"zg,zi,zr",,False,2623.9499,1557,1217,51,"{""zg"": ""788104300001398"", ""zr"": ""788204300009118"", ""zi"": ""788304300016564""}",SUCCESS,COVERAGE_SUFFICIENT,IAU TNS / ZTF Bright Transient Survey (BTS),https://www.wis-tns.org/object/2018ced,spectroscopic,ZTF Bright Transient Survey (BTS),VERIFIED,data/real_ztf_benchmark/raw/CAND_SNIa_022/raw_irsa.csv,1.0.0,120649d23501f0e34bc4f0551cecaea89bea9f32c03679772d9ff1a52f95f80c
CAND_SNIa_027,ZTF18aaxvpsw,SN Ia,SN_Ia,test_benchmark,test_known,in_distribution,0,224.976625,39.078778,0.2829,50,0.0,"zg,zi,zr",,False,2749.7718,2596,2287,245,"{""zg"": ""720107300021328"", ""zr"": ""720207300011031"", ""zi"": ""720307300005170""}",SUCCESS,COVERAGE_SUFFICIENT,IAU TNS / ZTF Bright Transient Survey (BTS),https://www.wis-tns.org/object/2018cof,spectroscopic,ZTF Bright Transient Survey (BTS),VERIFIED,data/real_ztf_benchmark/raw/CAND_SNIa_027/raw_irsa.csv,1.0.0,6039116e90be38f3b95996cd6e4f943fa8c8142e01b09d25b924d559b663550d
CAND_SNIa_028,ZTF18aamzgzi,SN Ia,SN_Ia,test_benchmark,test_known,in_distribution,0,223.568417,42.557944,0.4922,50,0.0,"zg,zi,zr",,False,2751.7715,2702,2407,119,"{""zg"": ""720116400012640"", ""zr"": ""720216400014060"", ""zi"": ""720316400034485""}",SUCCESS,COVERAGE_SUFFICIENT,IAU TNS / ZTF Bright Transient Survey (BTS),https://www.wis-tns.org/object/2018mef,spectroscopic,ZTF Bright Transient Survey (BTS),VERIFIED,data/real_ztf_benchmark/raw/CAND_SNIa_028/raw_irsa.csv,1.0.0,0754e56d4a03f5804d26f363be193beca9bbd325ccab6a5a0dfd30dc1c3b5ec8
CAND_SNIa_030,ZTF18aaydmkh,SN Ia,SN_Ia,test_benchmark,test_known,in_distribution,0,260.161083,52.041944,0.4008,50,0.0,"zg,zr",zi,True,2770.7355,2855,2633,300,"{""zg"": ""796102400000050"", ""zr"": ""796202400021414""}",SUCCESS,COVERAGE_SUFFICIENT,IAU TNS / ZTF Bright Transient Survey (BTS),https://www.wis-tns.org/object/2018coh,spectroscopic,ZTF Bright Transient Survey (BTS),VERIFIED,data/real_ztf_benchmark/raw/CAND_SNIa_030/raw_irsa.csv,1.0.0,9979b7bd8400bb64d1101a556ad85e686e52dad94f558f35128991af71c908fe
CAND_SNIa_032,ZTF19aanbojt,SN Ia,SN_Ia,test_benchmark,test_known,in_distribution,0,152.706958,54.214833,0.3524,50,0.0,"zg,zi,zr",,False,2766.1945,4446,1965,87,"{""zg"": ""786105100011641"", ""zr"": ""786205100005011"", ""zi"": ""787308200019068""}",SUCCESS,COVERAGE_SUFFICIENT,IAU TNS / ZTF Bright Transient Survey (BTS),https://www.wis-tns.org/object/2018lqj,spectroscopic,ZTF Bright Transient Survey (BTS),VERIFIED,data/real_ztf_benchmark/raw/CAND_SNIa_032/raw_irsa.csv,1.0.0,3f22126bf4897f6b75b1b71805aca8245241faa3a96719be44d2ea1ff1e26d26
CAND_SNIa_035,ZTF18aazixbw,SN Ia,SN_Ia,test_benchmark,test_known,in_distribution,0,244.741542,56.716861,0.4302,50,0.0,"zg,zi,zr",,False,2742.6331,400,319,240,"{""zg"": ""795111200026777"", ""zr"": ""795211200035931"", ""zi"": ""795311200025821""}",SUCCESS,COVERAGE_SUFFICIENT,IAU TNS / ZTF Bright Transient Survey (BTS),https://www.wis-tns.org/object/2018coi,spectroscopic,ZTF Bright Transient Survey (BTS),VERIFIED,data/real_ztf_benchmark/raw/CAND_SNIa_035/raw_irsa.csv,1.0.0,68aee43cb4a94a37e0f52957ed1c8fff1c1f48879c03d741e2a32acd9610521a
CAND_SNIa_039,ZTF18aaxkjmm,SN Ia,SN_Ia,test_benchmark,test_known,in_distribution,0,236.371333,35.855194,0.5773,50,0.0,"zg,zi,zr",,False,2759.7351,2170,2031,242,"{""zg"": ""678114300011158"", ""zr"": ""678214300021529"", ""zi"": ""678314300005145""}",SUCCESS,COVERAGE_SUFFICIENT,IAU TNS / ZTF Bright Transient Survey (BTS),https://www.wis-tns.org/object/2018cng,spectroscopic,ZTF Bright Transient Survey (BTS),VERIFIED,data/real_ztf_benchmark/raw/CAND_SNIa_039/raw_irsa.csv,1.0.0,5bf95a5b3da69e5257433dc0b47262e008db60b73f1eefe971e66a71062f6068
CAND_SNIa_040,ZTF18abaxlpi,SN Ia,SN_Ia,test_benchmark,test_known,in_distribution,0,276.559042,45.010194,0.8861,49,0.02,"zg,zr",zi,True,2768.6893,766,251,106,"{""zr"": ""764201200037643"", ""zg"": ""1764110300032332""}",SUCCESS,COVERAGE_SUFFICIENT,IAU TNS / ZTF Bright Transient Survey (BTS),https://www.wis-tns.org/object/2018ctm,spectroscopic,ZTF Bright Transient Survey (BTS),VERIFIED,data/real_ztf_benchmark/raw/CAND_SNIa_040/raw_irsa.csv,1.0.0,d36dbcab48b96f0b99f2fbec2b3d1dae30a41da4996a102e9a43a591e43fe85a
CAND_SNIa_047,ZTF18aazhwnh,SN Ia,SN_Ia,test_benchmark,test_known,in_distribution,0,233.014792,23.517028,0.2467,50,0.0,"zg,zi,zr",,False,2745.7731,2104,1847,122,"{""zg"": ""631103100017483"", ""zr"": ""631203100018081"", ""zi"": ""631303100014542""}",SUCCESS,COVERAGE_SUFFICIENT,IAU TNS / ZTF Bright Transient Survey (BTS),https://www.wis-tns.org/object/2018cua,spectroscopic,ZTF Bright Transient Survey (BTS),VERIFIED,data/real_ztf_benchmark/raw/CAND_SNIa_047/raw_irsa.csv,1.0.0,47caed31c72ed294268ced74c3133807ede60aa0bc115ad91f7e500b9241bd54
CAND_SNIa_049,ZTF18abcsgvj,SN Ia,SN_Ia,test_benchmark,test_known,in_distribution,0,266.102625,55.175417,1.3399,50,0.0,"zg,zi,zr",,False,1981.8534,3114,138,93,"{""zg"": ""797111300026427"", ""zr"": ""797211300024713"", ""zi"": ""797311300026779""}",SUCCESS,COVERAGE_SUFFICIENT,IAU TNS / ZTF Bright Transient Survey (BTS),https://www.wis-tns.org/object/2018cxl,spectroscopic,ZTF Bright Transient Survey (BTS),VERIFIED,data/real_ztf_benchmark/raw/CAND_SNIa_049/raw_irsa.csv,1.0.0,d4784f3e15c394b453bc05753567cfa84ff46a2a8b96e26e7db6129517afeace
CAND_TDE_001,ZTF19aabbnzo,TDE,TDE,test_benchmark,test_anomaly,ood_anomaly,1,105.827667,23.029083,0.4373,21,0.58,"zg,zi,zr",,False,2746.2743,1019,866,21,"{""zg"": ""614103400023363"", ""zr"": ""614203400016759"", ""zi"": ""614303400005146""}",SUCCESS,COVERAGE_SUFFICIENT,IAU TNS / ZTF BTS / van Velzen et al. 2021 / Hammerstein et al. 2023,https://www.wis-tns.org/object/2018lna,spectroscopic,ZTF Bright Transient Survey (BTS) / van Velzen et al. 2021,VERIFIED,data/real_ztf_benchmark/raw/CAND_TDE_001/raw_irsa.csv,1.0.0,0b4056a4dd7cbbbdc170b03063aa9251dc147a86a6f9741a74da25b37de6cfaf
CAND_TDE_003,ZTF19aapreis,TDE,TDE,test_benchmark,test_anomaly,ood_anomaly,1,314.262333,14.2045,0.2143,43,0.14,"zg,zi,zr",,False,2757.6276,1947,1687,188,"{""zg"": ""543114400020782"", ""zr"": ""543214400009177"", ""zi"": ""543314400010488""}",SUCCESS,COVERAGE_SUFFICIENT,IAU TNS / ZTF BTS / van Velzen et al. 2021 / Hammerstein et al. 2023,https://www.wis-tns.org/object/2019dsg,spectroscopic,ZTF Bright Transient Survey (BTS) / van Velzen et al. 2021,VERIFIED,data/real_ztf_benchmark/raw/CAND_TDE_003/raw_irsa.csv,1.0.0,f490c8bb6944dbef97b30ef61bcb6c361c81cd45ca89d493971400e9f9d95adf
CAND_TDE_004,ZTF19aarioci,TDE,TDE,test_benchmark,test_anomaly,ood_anomaly,1,212.4245,55.491111,0.2774,50,0.0,"zg,zi,zr",,False,2701.8085,2671,2496,156,"{""zg"": ""792111400002098"", ""zr"": ""792211400010919"", ""zi"": ""792311400026872""}",SUCCESS,COVERAGE_SUFFICIENT,IAU TNS / ZTF BTS / van Velzen et al. 2021 / Hammerstein et al. 2023,https://www.wis-tns.org/object/2019ehz,spectroscopic,ZTF Bright Transient Survey (BTS) / van Velzen et al. 2021,VERIFIED,data/real_ztf_benchmark/raw/CAND_TDE_004/raw_irsa.csv,1.0.0,8ac115068ac4b9a8afbff65c50f61a79e9ac5a40d77bb00029735babb0f136c1
CAND_TDE_005,ZTF19abidbya,TDE,TDE,test_benchmark,test_anomaly,ood_anomaly,1,347.80125,-1.002972,0.3709,40,0.2,"zg,zi,zr",,False,2695.8361,799,768,40,"{""zg"": ""445110200000748"", ""zr"": ""445210200009623"", ""zi"": ""445310200029739""}",SUCCESS,COVERAGE_SUFFICIENT,IAU TNS / ZTF BTS / van Velzen et al. 2021 / Hammerstein et al. 2023,https://www.wis-tns.org/object/2019lwu,spectroscopic,ZTF Bright Transient Survey (BTS) / van Velzen et al. 2021,VERIFIED,data/real_ztf_benchmark/raw/CAND_TDE_005/raw_irsa.csv,1.0.0,4ae1810eaed112dc8ce60c276929897a369e2dac9c1a672a02d90bdbcce8992d
CAND_TDE_006,ZTF19abzrhgq,TDE,TDE,test_benchmark,test_anomaly,ood_anomaly,1,71.657833,-10.226333,0.2109,34,0.32,"zg,zi,zr",,False,2762.2373,1375,1132,34,"{""zg"": ""354105100012555"", ""zr"": ""354205100010368"", ""zi"": ""354305100012127""}",SUCCESS,COVERAGE_SUFFICIENT,IAU TNS / ZTF BTS / van Velzen et al. 2021 / Hammerstein et al. 2023,https://www.wis-tns.org/object/2019qiz,spectroscopic,ZTF Bright Transient Survey (BTS) / van Velzen et al. 2021,VERIFIED,data/real_ztf_benchmark/raw/CAND_TDE_006/raw_irsa.csv,1.0.0,000d08d760e76411be1aabc2a173140d621f2973eeea125a4845cdfff23f6f9c
CAND_TDE_007,ZTF20aabqihu,TDE,TDE,test_benchmark,test_anomaly,ood_anomaly,1,232.895667,33.094889,0.2605,38,0.24,"zg,zi,zr",,False,2749.8061,3154,2901,38,"{""zg"": ""678108100000748"", ""zr"": ""678208100010061"", ""zi"": ""678308100025651""}",SUCCESS,COVERAGE_SUFFICIENT,IAU TNS / ZTF BTS / van Velzen et al. 2021 / Hammerstein et al. 2023,https://www.wis-tns.org/object/2020pj,spectroscopic,ZTF Bright Transient Survey (BTS) / van Velzen et al. 2021,VERIFIED,data/real_ztf_benchmark/raw/CAND_TDE_007/raw_irsa.csv,1.0.0,9885d128d2cabc5410c3a8236d15a9f5c2a0961bc7481d313905f8bfcdfbd632
CAND_TDE_008,ZTF20abfcszi,TDE,TDE,test_benchmark,test_anomaly,ood_anomaly,1,7.80625,85.008806,0.2581,50,0.0,"zg,zr",zi,True,2326.0512,1721,811,53,"{""zg"": ""869111200011489"", ""zr"": ""869211200015791""}",SUCCESS,COVERAGE_SUFFICIENT,IAU TNS / ZTF BTS / van Velzen et al. 2021 / Hammerstein et al. 2023,https://www.wis-tns.org/object/2020mot,spectroscopic,ZTF Bright Transient Survey (BTS) / van Velzen et al. 2021,VERIFIED,data/real_ztf_benchmark/raw/CAND_TDE_008/raw_irsa.csv,1.0.0,2c74eb2cf157639e048e241a25c6986fed5daa94a0c4c522453be202952b4674
CAND_TDE_009,ZTF20abgwfek,TDE,TDE,test_benchmark,test_anomaly,ood_anomaly,1,230.333667,14.069583,0.2106,50,0.0,"zg,zi,zr",,False,2711.7288,1761,1553,78,"{""zg"": ""531114400007237"", ""zr"": ""531214400004938"", ""zi"": ""531314400019456""}",SUCCESS,COVERAGE_SUFFICIENT,IAU TNS / ZTF BTS / van Velzen et al. 2021 / Hammerstein et al. 2023,https://www.wis-tns.org/object/2020neh,spectroscopic,ZTF Bright Transient Survey (BTS) / van Velzen et al. 2021,VERIFIED,data/real_ztf_benchmark/raw/CAND_TDE_009/raw_irsa.csv,1.0.0,f63e7646c9de763496f5e439dd859683ebff16f68c1faa6b293835f16a870274
CAND_TDE_010,ZTF20acaazkt,TDE,TDE,test_benchmark,test_anomaly,ood_anomaly,1,152.222708,42.71675,0.1902,28,0.44,"zg,zi,zr",,False,2766.2627,1896,1631,57,"{""zg"": ""711113300006501"", ""zr"": ""711213300004940"", ""zi"": ""711313300012907""}",SUCCESS,COVERAGE_SUFFICIENT,IAU TNS / ZTF BTS / van Velzen et al. 2021 / Hammerstein et al. 2023,https://www.wis-tns.org/object/2020vdq,spectroscopic,ZTF Bright Transient Survey (BTS) / van Velzen et al. 2021,VERIFIED,data/real_ztf_benchmark/raw/CAND_TDE_010/raw_irsa.csv,1.0.0,954f5d145c9462023e732a4504332dce73e9769c2fa8e016353a60492c4f7029
CAND_TDE_011,ZTF20acitpfz,TDE,TDE,test_benchmark,test_anomaly,ood_anomaly,1,136.357833,61.802556,0.1629,50,0.0,"zg,zi,zr",,False,2746.2329,2319,1910,184,"{""zg"": ""816107200011724"", ""zr"": ""816207200025058"", ""zi"": ""816307200021747""}",SUCCESS,COVERAGE_SUFFICIENT,IAU TNS / ZTF BTS / van Velzen et al. 2021 / Hammerstein et al. 2023,https://www.wis-tns.org/object/2020wey,spectroscopic,ZTF Bright Transient Survey (BTS) / van Velzen et al. 2021,VERIFIED,data/real_ztf_benchmark/raw/CAND_TDE_011/raw_irsa.csv,1.0.0,2f95bbd6da540630221e5505b9b91a6cc3827c6e9ead3e886e21d098941a986b
CAND_TDE_012,ZTF20acnznms,TDE,TDE,test_benchmark,test_anomaly,ood_anomaly,1,165.001375,21.112722,0.3655,50,0.0,"zg,zi,zr",,False,2599.0495,600,568,58,"{""zg"": ""573115300006038"", ""zr"": ""573215300005608"", ""zi"": ""573315300006648""}",SUCCESS,COVERAGE_SUFFICIENT,IAU TNS / ZTF BTS / van Velzen et al. 2021 / Hammerstein et al. 2023,https://www.wis-tns.org/object/2020yue,spectroscopic,ZTF Bright Transient Survey (BTS) / van Velzen et al. 2021,VERIFIED,data/real_ztf_benchmark/raw/CAND_TDE_012/raw_irsa.csv,1.0.0,950b1501ebdcac1610fc2546b3b107f5b8690aa7cbfd30d4e6d10affebb71b92
CAND_TDE_013,ZTF21abcgnqn,TDE,TDE,test_benchmark,test_anomaly,ood_anomaly,1,238.463667,55.588778,0.2473,50,0.0,"zg,zi,zr",,False,2761.774,3191,2914,119,"{""zg"": ""794110400001389"", ""zr"": ""794210400011291"", ""zi"": ""794310400013729""}",SUCCESS,COVERAGE_SUFFICIENT,IAU TNS / ZTF BTS / van Velzen et al. 2021 / Hammerstein et al. 2023,https://www.wis-tns.org/object/2021nwa,spectroscopic,ZTF Bright Transient Survey (BTS) / van Velzen et al. 2021,VERIFIED,data/real_ztf_benchmark/raw/CAND_TDE_013/raw_irsa.csv,1.0.0,59b103d3fd111ba19d7eecc9c4255becb12e928d7d775a37fff9d03a51d6dacd
CAND_TDE_014,ZTF21abhrchb,TDE,TDE,test_benchmark,test_anomaly,ood_anomaly,1,302.912167,-21.160194,0.3318,36,0.28,"zg,zi,zr",,False,2712.6874,544,499,36,"{""zg"": ""286114200014958"", ""zr"": ""286214200023330"", ""zi"": ""286314200034968""}",SUCCESS,COVERAGE_SUFFICIENT,IAU TNS / ZTF BTS / van Velzen et al. 2021 / Hammerstein et al. 2023,https://www.wis-tns.org/object/2021qth,spectroscopic,ZTF Bright Transient Survey (BTS) / van Velzen et al. 2021,VERIFIED,data/real_ztf_benchmark/raw/CAND_TDE_014/raw_irsa.csv,1.0.0,638bc9b0bcbd3e3500041e3021b0948085b269a41747bd50422bd1e6c8dd4321
CAND_TDE_015,ZTF21abjrysr,TDE,TDE,test_benchmark,test_anomaly,ood_anomaly,1,17.849583,50.574889,0.3343,50,0.0,"zg,zi,zr",,False,2704.8172,3850,1816,76,"{""zg"": ""737113100014310"", ""zr"": ""737213100035197"", ""zi"": ""737313100027274""}",SUCCESS,COVERAGE_SUFFICIENT,IAU TNS / ZTF BTS / van Velzen et al. 2021 / Hammerstein et al. 2023,https://www.wis-tns.org/object/2021sdu,spectroscopic,ZTF Bright Transient Survey (BTS) / van Velzen et al. 2021,VERIFIED,data/real_ztf_benchmark/raw/CAND_TDE_015/raw_irsa.csv,1.0.0,e10fda1bf8a9d3753185ff88345c4a7b37e0853f3b15afd375adc8e98caa88d0
CAND_VarStar_001,ZTFJ000000.13+620605.8,Variable_Star,Variable_Star,test_benchmark,test_known,in_distribution,0,0.00056,62.10163,0.1093,50,0.0,"zg,zi,zr",,False,2721.8152,3322,1668,90,"{""zr"": ""806212300045509"", ""zi"": ""806312300052046"", ""zg"": ""832109400062834""}",SUCCESS,COVERAGE_SUFFICIENT,"The ZTF Catalog of Periodic Variable Stars (Chen et al. 2020, ApJS 249, 18)",https://vizier.cds.unistra.fr/viz-bin/VizieR-3?-source=J/ApJS/249/18/table2,catalog_photometric,ZTF Catalog of Periodic Variable Stars (Chen et al. 2020),VERIFIED,data/real_ztf_benchmark/raw/CAND_VarStar_001/raw_irsa.csv,1.0.0,211f0e540017da243b227cdf01eab05d6457fd67142a412582d51cb6999a6148
CAND_VarStar_003,ZTFJ000000.19+320847.2,Variable_Star,Variable_Star,test_benchmark,test_known,in_distribution,0,0.0008,32.14645,0.0926,50,0.0,"zg,zi,zr",,False,2685.886,2236,1766,74,"{""zg"": ""648107400006917"", ""zr"": ""648207400002930"", ""zi"": ""648307400003262""}",SUCCESS,COVERAGE_SUFFICIENT,"The ZTF Catalog of Periodic Variable Stars (Chen et al. 2020, ApJS 249, 18)",https://vizier.cds.unistra.fr/viz-bin/VizieR-3?-source=J/ApJS/249/18/table2,catalog_photometric,ZTF Catalog of Periodic Variable Stars (Chen et al. 2020),VERIFIED,data/real_ztf_benchmark/raw/CAND_VarStar_003/raw_irsa.csv,1.0.0,f31604ead1e09e31ef83b1e2f27a9ba0db8910644485c811c9e1ab43c772d19a
CAND_VarStar_004,ZTFJ000000.26+311206.3,Variable_Star,Variable_Star,test_benchmark,test_known,in_distribution,0,0.00109,31.20176,0.126,44,0.12,"zg,zi,zr",,False,2685.886,2226,1772,61,"{""zg"": ""648103100000752"", ""zr"": ""648203100001041"", ""zi"": ""648303100001650""}",SUCCESS,COVERAGE_SUFFICIENT,"The ZTF Catalog of Periodic Variable Stars (Chen et al. 2020, ApJS 249, 18)",https://vizier.cds.unistra.fr/viz-bin/VizieR-3?-source=J/ApJS/249/18/table2,catalog_photometric,ZTF Catalog of Periodic Variable Stars (Chen et al. 2020),VERIFIED,data/real_ztf_benchmark/raw/CAND_VarStar_004/raw_irsa.csv,1.0.0,0f592736f9bc507dd8352f026b377cd1b9e82102b5e3a0f8b44b9f7ce3abb141
CAND_VarStar_005,ZTFJ000000.30+711634.1,Variable_Star,Variable_Star,test_benchmark,test_known,in_distribution,0,0.00125,71.27616,0.1548,50,0.0,"zg,zi,zr",,False,2724.837,2917,1311,66,"{""zg"": ""833116400029307"", ""zr"": ""833216400025183"", ""zi"": ""833316400029428""}",SUCCESS,COVERAGE_SUFFICIENT,"The ZTF Catalog of Periodic Variable Stars (Chen et al. 2020, ApJS 249, 18)",https://vizier.cds.unistra.fr/viz-bin/VizieR-3?-source=J/ApJS/249/18/table2,catalog_photometric,ZTF Catalog of Periodic Variable Stars (Chen et al. 2020),VERIFIED,data/real_ztf_benchmark/raw/CAND_VarStar_005/raw_irsa.csv,1.0.0,804c3cd3b39d08ab90f9c771c79f768136066a3dceb782890a36e9cdfe46e16e
CAND_VarStar_006,ZTFJ000000.30+233400.5,Variable_Star,Variable_Star,test_benchmark,test_known,in_distribution,0,0.00125,23.56682,0.1179,35,0.3,"zg,zi,zr",,False,2687.7909,2266,1814,55,"{""zg"": ""600103100002998"", ""zr"": ""600203100005780"", ""zi"": ""600303100006749""}",SUCCESS,COVERAGE_SUFFICIENT,"The ZTF Catalog of Periodic Variable Stars (Chen et al. 2020, ApJS 249, 18)",https://vizier.cds.unistra.fr/viz-bin/VizieR-3?-source=J/ApJS/249/18/table2,catalog_photometric,ZTF Catalog of Periodic Variable Stars (Chen et al. 2020),VERIFIED,data/real_ztf_benchmark/raw/CAND_VarStar_006/raw_irsa.csv,1.0.0,00787a7d8e09e7c424414b08b83b549cd4fd867844982b14587ba61df3bf8f39
CAND_VarStar_007,ZTFJ000000.39+605148.8,Variable_Star,Variable_Star,test_benchmark,test_known,in_distribution,0,0.00163,60.86358,0.2126,50,0.0,"zg,zi,zr",,False,2721.7285,3611,1634,97,"{""zg"": ""832105400027651"", ""zr"": ""806208300062497"", ""zi"": ""832305400066625""}",SUCCESS,COVERAGE_SUFFICIENT,"The ZTF Catalog of Periodic Variable Stars (Chen et al. 2020, ApJS 249, 18)",https://vizier.cds.unistra.fr/viz-bin/VizieR-3?-source=J/ApJS/249/18/table2,catalog_photometric,ZTF Catalog of Periodic Variable Stars (Chen et al. 2020),VERIFIED,data/real_ztf_benchmark/raw/CAND_VarStar_007/raw_irsa.csv,1.0.0,cd0c021bef1ef2f0f8df6bb756cf146ec73b74d9a7891a907915e8e51e13d482
CAND_VarStar_008,ZTFJ000000.51+583238.7,Variable_Star,Variable_Star,test_benchmark,test_known,in_distribution,0,0.00215,58.54409,0.1336,50,0.0,"zg,zi,zr",,False,2738.708,4060,1773,92,"{""zg"": ""832101400012581"", ""zr"": ""806204300022467"", ""zi"": ""832301400026844""}",SUCCESS,COVERAGE_SUFFICIENT,"The ZTF Catalog of Periodic Variable Stars (Chen et al. 2020, ApJS 249, 18)",https://vizier.cds.unistra.fr/viz-bin/VizieR-3?-source=J/ApJS/249/18/table2,catalog_photometric,ZTF Catalog of Periodic Variable Stars (Chen et al. 2020),VERIFIED,data/real_ztf_benchmark/raw/CAND_VarStar_008/raw_irsa.csv,1.0.0,a7f11635c38c2032cddc52ac37ad5f13c25a315429292ba28b2fa15c45fe297a
CAND_VarStar_009,ZTFJ000001.00+612832.8,Variable_Star,Variable_Star,test_benchmark,test_known,in_distribution,0,0.0042,61.4758,0.2705,28,0.44,"zg,zi,zr",,False,2713.7267,2862,1311,28,"{""zg"": ""832105100044097"", ""zr"": ""806208200063685"", ""zi"": ""832305100060634""}",SUCCESS,COVERAGE_SUFFICIENT,"The ZTF Catalog of Periodic Variable Stars (Chen et al. 2020, ApJS 249, 18)",https://vizier.cds.unistra.fr/viz-bin/VizieR-3?-source=J/ApJS/249/18/table2,catalog_photometric,ZTF Catalog of Periodic Variable Stars (Chen et al. 2020),VERIFIED,data/real_ztf_benchmark/raw/CAND_VarStar_009/raw_irsa.csv,1.0.0,ea2800014feacdd32f6746a85a03be45615d1d6d3491d01732a4d9786c195889
CAND_VarStar_010,ZTFJ000001.37+561504.9,Variable_Star,Variable_Star,test_benchmark,test_known,in_distribution,0,0.00571,56.25137,0.1696,47,0.06,"zg,zr",zi,True,2723.7298,1660,1564,47,"{""zg"": ""805109200013762"", ""zr"": ""805209200018427""}",SUCCESS,COVERAGE_SUFFICIENT,"The ZTF Catalog of Periodic Variable Stars (Chen et al. 2020, ApJS 249, 18)",https://vizier.cds.unistra.fr/viz-bin/VizieR-3?-source=J/ApJS/249/18/table2,catalog_photometric,ZTF Catalog of Periodic Variable Stars (Chen et al. 2020),VERIFIED,data/real_ztf_benchmark/raw/CAND_VarStar_010/raw_irsa.csv,1.0.0,e0d61dbf8e5fc4e1d2a9fca07e2e2a1210d8c8e24fe169925233405d681751a0
CAND_VarStar_011,ZTFJ000001.74+614940.9,Variable_Star,Variable_Star,test_benchmark,test_known,in_distribution,0,0.00729,61.82803,0.1458,50,0.0,"zg,zi,zr",,False,2721.7285,4084,1779,109,"{""zg"": ""832105100002021"", ""zr"": ""806208200003594"", ""zi"": ""832305100004179""}",SUCCESS,COVERAGE_SUFFICIENT,"The ZTF Catalog of Periodic Variable Stars (Chen et al. 2020, ApJS 249, 18)",https://vizier.cds.unistra.fr/viz-bin/VizieR-3?-source=J/ApJS/249/18/table2,catalog_photometric,ZTF Catalog of Periodic Variable Stars (Chen et al. 2020),VERIFIED,data/real_ztf_benchmark/raw/CAND_VarStar_011/raw_irsa.csv,1.0.0,55dd3dbacda28a5b0a1b3dcded19dd495c2673b414199632d45c22d6f3310a2f
CAND_VarStar_012,ZTFJ000001.75+594739.4,Variable_Star,Variable_Star,test_benchmark,test_known,in_distribution,0,0.00732,59.79428,0.1624,50,0.0,"zg,zi,zr",,False,2735.7112,4135,1761,89,"{""zg"": ""832101100024746"", ""zr"": ""806204200039196"", ""zi"": ""832301100048644""}",SUCCESS,COVERAGE_SUFFICIENT,"The ZTF Catalog of Periodic Variable Stars (Chen et al. 2020, ApJS 249, 18)",https://vizier.cds.unistra.fr/viz-bin/VizieR-3?-source=J/ApJS/249/18/table2,catalog_photometric,ZTF Catalog of Periodic Variable Stars (Chen et al. 2020),VERIFIED,data/real_ztf_benchmark/raw/CAND_VarStar_012/raw_irsa.csv,1.0.0,b54771b30311a4bb15b8028e3a3b786e5221af932e9dc804a41a1211fa1a31b7
CAND_VarStar_013,ZTFJ000002.02+540550.8,Variable_Star,Variable_Star,test_benchmark,test_known,in_distribution,0,0.00844,54.09746,0.0971,50,0.0,"zg,zi,zr",,False,2723.7298,1996,1661,62,"{""zg"": ""805105200017316"", ""zr"": ""805205200023562"", ""zi"": ""1774315300003600""}",SUCCESS,COVERAGE_SUFFICIENT,"The ZTF Catalog of Periodic Variable Stars (Chen et al. 2020, ApJS 249, 18)",https://vizier.cds.unistra.fr/viz-bin/VizieR-3?-source=J/ApJS/249/18/table2,catalog_photometric,ZTF Catalog of Periodic Variable Stars (Chen et al. 2020),VERIFIED,data/real_ztf_benchmark/raw/CAND_VarStar_013/raw_irsa.csv,1.0.0,33ca70589ca0252c7e917b9cb704553dcaca4cf462155923cd76d27f516edd51
CAND_VarStar_014,ZTFJ000002.20+480720.8,Variable_Star,Variable_Star,test_benchmark,test_known,in_distribution,0,0.00918,48.12246,0.1034,50,0.0,"zg,zi,zr",,False,2721.8157,2709,2345,69,"{""zg"": ""736111300009325"", ""zr"": ""736211300013518"", ""zi"": ""736311300014035""}",SUCCESS,COVERAGE_SUFFICIENT,"The ZTF Catalog of Periodic Variable Stars (Chen et al. 2020, ApJS 249, 18)",https://vizier.cds.unistra.fr/viz-bin/VizieR-3?-source=J/ApJS/249/18/table2,catalog_photometric,ZTF Catalog of Periodic Variable Stars (Chen et al. 2020),VERIFIED,data/real_ztf_benchmark/raw/CAND_VarStar_014/raw_irsa.csv,1.0.0,931806a22e9628c1cb0d572ee84d9fe49225f013e3d8502bc51eea94b36a268f
CAND_VarStar_015,ZTFJ000002.21+385226.4,Variable_Star,Variable_Star,test_benchmark,test_known,in_distribution,0,0.00921,38.87401,0.1595,40,0.2,"zg,zi,zr",,False,2694.892,2132,1752,40,"{""zg"": ""694108400004965"", ""zr"": ""694208400011288"", ""zi"": ""694308400010238""}",SUCCESS,COVERAGE_SUFFICIENT,"The ZTF Catalog of Periodic Variable Stars (Chen et al. 2020, ApJS 249, 18)",https://vizier.cds.unistra.fr/viz-bin/VizieR-3?-source=J/ApJS/249/18/table2,catalog_photometric,ZTF Catalog of Periodic Variable Stars (Chen et al. 2020),VERIFIED,data/real_ztf_benchmark/raw/CAND_VarStar_015/raw_irsa.csv,1.0.0,7fa32b9999451e88a3ed6aa74c18cb96d0f9780ce1a264b698b1a4762f7d5ddf
CAND_VarStar_016,ZTFJ000002.27+331411.5,Variable_Star,Variable_Star,test_benchmark,test_known,in_distribution,0,0.00947,33.23655,0.1134,21,0.58,"zg,zi,zr",,False,2685.886,2219,1547,21,"{""zg"": ""648107100005977"", ""zr"": ""648207100000084"", ""zi"": ""648307100000012""}",SUCCESS,COVERAGE_SUFFICIENT,"The ZTF Catalog of Periodic Variable Stars (Chen et al. 2020, ApJS 249, 18)",https://vizier.cds.unistra.fr/viz-bin/VizieR-3?-source=J/ApJS/249/18/table2,catalog_photometric,ZTF Catalog of Periodic Variable Stars (Chen et al. 2020),VERIFIED,data/real_ztf_benchmark/raw/CAND_VarStar_016/raw_irsa.csv,1.0.0,12f1a229d85631d55ec1e22f75b99df6648dc4d4db30ec3929a2906fa53297d4
CAND_VarStar_017,ZTFJ000002.28+592423.4,Variable_Star,Variable_Star,test_benchmark,test_known,in_distribution,0,0.00954,59.40651,0.3252,50,0.0,"zg,zi,zr",,False,2713.7267,2828,1369,80,"{""zg"": ""832101100015251"", ""zr"": ""806204200025194"", ""zi"": ""832301100030135""}",SUCCESS,COVERAGE_SUFFICIENT,"The ZTF Catalog of Periodic Variable Stars (Chen et al. 2020, ApJS 249, 18)",https://vizier.cds.unistra.fr/viz-bin/VizieR-3?-source=J/ApJS/249/18/table2,catalog_photometric,ZTF Catalog of Periodic Variable Stars (Chen et al. 2020),VERIFIED,data/real_ztf_benchmark/raw/CAND_VarStar_017/raw_irsa.csv,1.0.0,1c608309e06bcd2d66a28aaf67b34012883084607458b1f24bebb7699bdb4865
CAND_VarStar_018,ZTFJ000002.61+560944.8,Variable_Star,Variable_Star,test_benchmark,test_known,in_distribution,0,0.01091,56.16245,0.0653,49,0.02,"zg,zr",zi,True,2723.7298,1762,1610,49,"{""zg"": ""805109200016287"", ""zr"": ""805209200021898""}",SUCCESS,COVERAGE_SUFFICIENT,"The ZTF Catalog of Periodic Variable Stars (Chen et al. 2020, ApJS 249, 18)",https://vizier.cds.unistra.fr/viz-bin/VizieR-3?-source=J/ApJS/249/18/table2,catalog_photometric,ZTF Catalog of Periodic Variable Stars (Chen et al. 2020),VERIFIED,data/real_ztf_benchmark/raw/CAND_VarStar_018/raw_irsa.csv,1.0.0,2a7f2306c826345aa2de4e9efdf929e5c5479686b5a4ea82ec9d0c9e57830df9
CAND_VarStar_019,ZTFJ000002.69+640614.8,Variable_Star,Variable_Star,test_benchmark,test_known,in_distribution,0,0.01123,64.10413,0.3472,48,0.04,"zg,zi,zr",,False,2713.8134,2114,1020,64,"{""zg"": ""806116300034393"", ""zr"": ""806216300037275"", ""zi"": ""832313400067772""}",SUCCESS,COVERAGE_SUFFICIENT,"The ZTF Catalog of Periodic Variable Stars (Chen et al. 2020, ApJS 249, 18)",https://vizier.cds.unistra.fr/viz-bin/VizieR-3?-source=J/ApJS/249/18/table2,catalog_photometric,ZTF Catalog of Periodic Variable Stars (Chen et al. 2020),VERIFIED,data/real_ztf_benchmark/raw/CAND_VarStar_019/raw_irsa.csv,1.0.0,f33ce0f0c3949ac038368f952b2bf4b59fd9b8e9626124f0dfbd68d1a510f1aa
CAND_VarStar_020,ZTFJ000002.99+611736.0,Variable_Star,Variable_Star,test_benchmark,test_known,in_distribution,0,0.01246,61.29334,0.0857,50,0.0,"zg,zi,zr",,False,2721.7285,4299,1795,105,"{""zg"": ""832105100020592"", ""zr"": ""806208200031863"", ""zi"": ""832305100035984""}",SUCCESS,COVERAGE_SUFFICIENT,"The ZTF Catalog of Periodic Variable Stars (Chen et al. 2020, ApJS 249, 18)",https://vizier.cds.unistra.fr/viz-bin/VizieR-3?-source=J/ApJS/249/18/table2,catalog_photometric,ZTF Catalog of Periodic Variable Stars (Chen et al. 2020),VERIFIED,data/real_ztf_benchmark/raw/CAND_VarStar_020/raw_irsa.csv,1.0.0,b061f48439a5a36dde5f7054a2a270c4da77b31b634516fd1a66f64cce7ded0e
CAND_VarStar_021,ZTFJ000003.05+410045.6,Variable_Star,Variable_Star,test_benchmark,test_known,in_distribution,0,0.01271,41.01267,0.0917,50,0.0,"zg,zi,zr",,False,2711.8141,2244,1781,64,"{""zg"": ""694112400004026"", ""zr"": ""694212400008250"", ""zi"": ""694312400007629""}",SUCCESS,COVERAGE_SUFFICIENT,"The ZTF Catalog of Periodic Variable Stars (Chen et al. 2020, ApJS 249, 18)",https://vizier.cds.unistra.fr/viz-bin/VizieR-3?-source=J/ApJS/249/18/table2,catalog_photometric,ZTF Catalog of Periodic Variable Stars (Chen et al. 2020),VERIFIED,data/real_ztf_benchmark/raw/CAND_VarStar_021/raw_irsa.csv,1.0.0,e72a80a4078c914de9cc13ca8e96e94ba722b3fed886456635aca0f579984776
CAND_VarStar_022,ZTFJ000003.10+722838.4,Variable_Star,Variable_Star,test_benchmark,test_known,in_distribution,0,0.01292,72.47736,0.0897,50,0.0,"zg,zi,zr",,False,2724.837,5395,1468,87,"{""zg"": ""833116100008077"", ""zr"": ""833216100012293"", ""zi"": ""833316100015473""}",SUCCESS,COVERAGE_SUFFICIENT,"The ZTF Catalog of Periodic Variable Stars (Chen et al. 2020, ApJS 249, 18)",https://vizier.cds.unistra.fr/viz-bin/VizieR-3?-source=J/ApJS/249/18/table2,catalog_photometric,ZTF Catalog of Periodic Variable Stars (Chen et al. 2020),VERIFIED,data/real_ztf_benchmark/raw/CAND_VarStar_022/raw_irsa.csv,1.0.0,8fb02df0b55baed0f6a41ddce9114c52f366413725eba960109474543e53f100
CAND_VarStar_023,ZTFJ000003.13-022548.2,Variable_Star,Variable_Star,test_benchmark,test_known,in_distribution,0,0.01306,-2.43006,0.0786,40,0.2,"zg,zi,zr",,False,2694.8348,1229,943,63,"{""zg"": ""396111300003613"", ""zr"": ""396211300007523"", ""zi"": ""396311300015745""}",SUCCESS,COVERAGE_SUFFICIENT,"The ZTF Catalog of Periodic Variable Stars (Chen et al. 2020, ApJS 249, 18)",https://vizier.cds.unistra.fr/viz-bin/VizieR-3?-source=J/ApJS/249/18/table2,catalog_photometric,ZTF Catalog of Periodic Variable Stars (Chen et al. 2020),VERIFIED,data/real_ztf_benchmark/raw/CAND_VarStar_023/raw_irsa.csv,1.0.0,c86836493ad3f497173bc907c9ced07635e9d7e3396477fb05d89fbcd81cf9ea
CAND_VarStar_024,ZTFJ000003.23+543605.4,Variable_Star,Variable_Star,test_benchmark,test_known,in_distribution,0,0.01347,54.60151,0.088,50,0.0,"zg,zi,zr",,False,2723.7298,2005,1661,128,"{""zg"": ""805105200004955"", ""zr"": ""805205200006693"", ""zi"": ""1774315200018343""}",SUCCESS,COVERAGE_SUFFICIENT,"The ZTF Catalog of Periodic Variable Stars (Chen et al. 2020, ApJS 249, 18)",https://vizier.cds.unistra.fr/viz-bin/VizieR-3?-source=J/ApJS/249/18/table2,catalog_photometric,ZTF Catalog of Periodic Variable Stars (Chen et al. 2020),VERIFIED,data/real_ztf_benchmark/raw/CAND_VarStar_024/raw_irsa.csv,1.0.0,f37b95779aeaebc0037e5d3259b7c4dd5cf41cbd754a6e71fe4bf110335fcbbc
CAND_VarStar_025,ZTFJ000003.24+692214.2,Variable_Star,Variable_Star,test_benchmark,test_known,in_distribution,0,0.01353,69.37062,0.1167,50,0.0,"zg,zi,zr",,False,2724.837,3146,1462,101,"{""zg"": ""833112300013969"", ""zr"": ""833212300023699"", ""zi"": ""833312300031238""}",SUCCESS,COVERAGE_SUFFICIENT,"The ZTF Catalog of Periodic Variable Stars (Chen et al. 2020, ApJS 249, 18)",https://vizier.cds.unistra.fr/viz-bin/VizieR-3?-source=J/ApJS/249/18/table2,catalog_photometric,ZTF Catalog of Periodic Variable Stars (Chen et al. 2020),VERIFIED,data/real_ztf_benchmark/raw/CAND_VarStar_025/raw_irsa.csv,1.0.0,3381cc933091c6a318afdaf7541d7b88b4890190d1967c17eaf0c11f4d5ad028
